[{"fields": {"model": "logentry", "name": "log entry", "app_label": "admin"}, "model": "contenttypes.contenttype", "pk": 1}, {"fields": {"model": "permission", "name": "permission", "app_label": "auth"}, "model": "contenttypes.contenttype", "pk": 2}, {"fields": {"model": "group", "name": "group", "app_label": "auth"}, "model": "contenttypes.contenttype", "pk": 3}, {"fields": {"model": "user", "name": "user", "app_label": "auth"}, "model": "contenttypes.contenttype", "pk": 4}, {"fields": {"model": "contenttype", "name": "content type", "app_label": "contenttypes"}, "model": "contenttypes.contenttype", "pk": 5}, {"fields": {"model": "session", "name": "session", "app_label": "sessions"}, "model": "contenttypes.contenttype", "pk": 6}, {"fields": {"model": "afp", "name": "afp", "app_label": "trabajador"}, "model": "contenttypes.contenttype", "pk": 7}, {"fields": {"model": "sistemasalud", "name": "sistema salud", "app_label": "trabajador"}, "model": "contenttypes.contenttype", "pk": 8}, {"fields": {"model": "estadocivil", "name": "estado civil", "app_label": "trabajador"}, "model": "contenttypes.contenttype", "pk": 9}, {"fields": {"model": "estadovacacion", "name": "estado vacacion", "app_label": "trabajador"}, "model": "contenttypes.contenttype", "pk": 10}, {"fields": {"model": "trabajador", "name": "trabajador", "app_label": "trabajador"}, "model": "contenttypes.contenttype", "pk": 11}, {"fields": {"model": "vacacion", "name": "vacacion", "app_label": "trabajador"}, "model": "contenttypes.contenttype", "pk": 12}, {"fields": {"model": "cargafamiliar", "name": "carga familiar", "app_label": "trabajador"}, "model": "contenttypes.contenttype", "pk": 13}, {"fields": {"model": "boletatrabajador", "name": "boleta trabajador", "app_label": "trabajador"}, "model": "contenttypes.contenttype", "pk": 14}, {"fields": {"model": "guiatrabajador", "name": "guia trabajador", "app_label": "trabajador"}, "model": "contenttypes.contenttype", "pk": 15}, {"fields": {"model": "tipoproducto", "name": "tipo producto", "app_label": "bodega"}, "model": "contenttypes.contenttype", "pk": 16}, {"fields": {"model": "producto", "name": "producto", "app_label": "bodega"}, "model": "contenttypes.contenttype", "pk": 17}, {"fields": {"model": "precioproducto", "name": "precio producto", "app_label": "bodega"}, "model": "contenttypes.contenttype", "pk": 18}, {"fields": {"model": "factura", "name": "factura", "app_label": "bodega"}, "model": "contenttypes.contenttype", "pk": 19}, {"fields": {"model": "vehiculo", "name": "vehiculo", "app_label": "bodega"}, "model": "contenttypes.contenttype", "pk": 20}, {"fields": {"model": "stockvehiculo", "name": "stock vehiculo", "app_label": "bodega"}, "model": "contenttypes.contenttype", "pk": 21}, {"fields": {"model": "trabajadorvehiculo", "name": "trabajador vehiculo", "app_label": "bodega"}, "model": "contenttypes.contenttype", "pk": 22}, {"fields": {"model": "pagovehiculo", "name": "pago vehiculo", "app_label": "bodega"}, "model": "contenttypes.contenttype", "pk": 23}, {"fields": {"model": "pagocuotavehiculo", "name": "pago cuota vehiculo", "app_label": "bodega"}, "model": "contenttypes.contenttype", "pk": 24}, {"fields": {"model": "movil", "name": "movil", "app_label": "bodega"}, "model": "contenttypes.contenttype", "pk": 25}, {"fields": {"model": "guiadespacho", "name": "guia despacho", "app_label": "bodega"}, "model": "contenttypes.contenttype", "pk": 26}, {"fields": {"model": "abonoguia", "name": "abono guia", "app_label": "bodega"}, "model": "contenttypes.contenttype", "pk": 27}, {"fields": {"model": "historialstock", "name": "historial stock", "app_label": "bodega"}, "model": "contenttypes.contenttype", "pk": 28}, {"fields": {"model": "region", "name": "region", "app_label": "clientes"}, "model": "contenttypes.contenttype", "pk": 29}, {"fields": {"model": "comuna", "name": "comuna", "app_label": "clientes"}, "model": "contenttypes.contenttype", "pk": 30}, {"fields": {"model": "tipodescuento", "name": "tipo descuento", "app_label": "clientes"}, "model": "contenttypes.contenttype", "pk": 31}, {"fields": {"model": "descuentocliente", "name": "descuento cliente", "app_label": "clientes"}, "model": "contenttypes.contenttype", "pk": 32}, {"fields": {"model": "cliente", "name": "cliente", "app_label": "clientes"}, "model": "contenttypes.contenttype", "pk": 33}, {"fields": {"model": "estadoterminal", "name": "estado terminal", "app_label": "liquidacion"}, "model": "contenttypes.contenttype", "pk": 34}, {"fields": {"model": "terminal", "name": "terminal", "app_label": "liquidacion"}, "model": "contenttypes.contenttype", "pk": 35}, {"fields": {"model": "historialestadoterminal", "name": "historial estado terminal", "app_label": "liquidacion"}, "model": "contenttypes.contenttype", "pk": 36}, {"fields": {"model": "tipotarjeta", "name": "tipo tarjeta", "app_label": "liquidacion"}, "model": "contenttypes.contenttype", "pk": 37}, {"fields": {"model": "banco", "name": "banco", "app_label": "liquidacion"}, "model": "contenttypes.contenttype", "pk": 38}, {"fields": {"model": "tarjetacredito", "name": "tarjeta credito", "app_label": "liquidacion"}, "model": "contenttypes.contenttype", "pk": 39}, {"fields": {"model": "tipopago", "name": "tipo pago", "app_label": "liquidacion"}, "model": "contenttypes.contenttype", "pk": 40}, {"fields": {"model": "liquidacion", "name": "liquidacion", "app_label": "liquidacion"}, "model": "contenttypes.contenttype", "pk": 41}, {"fields": {"model": "guiaventa", "name": "guia venta", "app_label": "liquidacion"}, "model": "contenttypes.contenttype", "pk": 42}, {"fields": {"model": "detalleguiaventa", "name": "detalle guia venta", "app_label": "liquidacion"}, "model": "contenttypes.contenttype", "pk": 43}, {"fields": {"model": "cheque", "name": "cheque", "app_label": "liquidacion"}, "model": "contenttypes.contenttype", "pk": 44}, {"fields": {"model": "otros", "name": "otros", "app_label": "liquidacion"}, "model": "contenttypes.contenttype", "pk": 45}, {"fields": {"model": "cuponprepago", "name": "cupon prepago", "app_label": "liquidacion"}, "model": "contenttypes.contenttype", "pk": 46}, {"fields": {"model": "voucher", "name": "voucher", "app_label": "liquidacion"}, "model": "contenttypes.contenttype", "pk": 47}, {"fields": {"model": "cuotavoucher", "name": "cuota voucher", "app_label": "liquidacion"}, "model": "contenttypes.contenttype", "pk": 48}, {"fields": {"model": "cierre", "name": "cierre", "app_label": "liquidacion"}, "model": "contenttypes.contenttype", "pk": 49}, {"fields": {"model": "detallecierre", "name": "detalle cierre", "app_label": "liquidacion"}, "model": "contenttypes.contenttype", "pk": 50}, {"fields": {"model": "historialcambiovehiculo", "name": "historial cambio vehiculo", "app_label": "liquidacion"}, "model": "contenttypes.contenttype", "pk": 51}, {"fields": {"expire_date": "2015-01-12T23:39:01.674", "session_data": "Njg3ZTcwZTA5YjA0OGQ0NjgzY2Y1OGVjMzIzNDJiOTE3M2YwZTQ1MjqAAn1xAShVD19hdXRoX3VzZXJfaGFzaHECVSgxZDhjMDQzOTEyNzE2NjJkY2JjMjNkMDcwNjY2MDYyODNhZWM2NzU0VRJfYXV0aF91c2VyX2JhY2tlbmRxA1UpZGphbmdvLmNvbnRyaWIuYXV0aC5iYWNrZW5kcy5Nb2RlbEJhY2tlbmRxBFUNX2F1dGhfdXNlcl9pZHEFSwF1Lg=="}, "model": "sessions.session", "pk": "hduhfabyolx62wzk0raolxeq8uot98xn"}, {"fields": {"expire_date": "2015-01-16T21:51:11.585", "session_data": "Njg3ZTcwZTA5YjA0OGQ0NjgzY2Y1OGVjMzIzNDJiOTE3M2YwZTQ1MjqAAn1xAShVD19hdXRoX3VzZXJfaGFzaHECVSgxZDhjMDQzOTEyNzE2NjJkY2JjMjNkMDcwNjY2MDYyODNhZWM2NzU0VRJfYXV0aF91c2VyX2JhY2tlbmRxA1UpZGphbmdvLmNvbnRyaWIuYXV0aC5iYWNrZW5kcy5Nb2RlbEJhY2tlbmRxBFUNX2F1dGhfdXNlcl9pZHEFSwF1Lg=="}, "model": "sessions.session", "pk": "o0oi0fctxdtt926g40kp5xi7ec99g7nc"}, {"fields": {"expire_date": "2015-01-19T13:46:41.224", "session_data": "MmNkYTZiM2Y0MDJhNzg5ODRjZTIyN2FiZjM1ODllMWZlZjUyMmExZDqAAn1xAS4="}, "model": "sessions.session", "pk": "pyvc5mv2bgi8j6b06w1asi7blwr20w8a"}, {"fields": {"expire_date": "2015-01-19T19:55:08.043", "session_data": "Njg3ZTcwZTA5YjA0OGQ0NjgzY2Y1OGVjMzIzNDJiOTE3M2YwZTQ1MjqAAn1xAShVD19hdXRoX3VzZXJfaGFzaHECVSgxZDhjMDQzOTEyNzE2NjJkY2JjMjNkMDcwNjY2MDYyODNhZWM2NzU0VRJfYXV0aF91c2VyX2JhY2tlbmRxA1UpZGphbmdvLmNvbnRyaWIuYXV0aC5iYWNrZW5kcy5Nb2RlbEJhY2tlbmRxBFUNX2F1dGhfdXNlcl9pZHEFSwF1Lg=="}, "model": "sessions.session", "pk": "qlvn56p28y91erry90ap6bil2w90nl9k"}, {"fields": {"nombre": "Bansander"}, "model": "trabajador.afp", "pk": 1}, {"fields": {"nombre": "Cuprum"}, "model": "trabajador.afp", "pk": 2}, {"fields": {"nombre": "Habitat"}, "model": "trabajador.afp", "pk": 3}, {"fields": {"nombre": "Planvital"}, "model": "trabajador.afp", "pk": 4}, {"fields": {"nombre": "Provida"}, "model": "trabajador.afp", "pk": 5}, {"fields": {"nombre": "Santa Mar\u00eda"}, "model": "trabajador.afp", "pk": 6}, {"fields": {"nombre": "Modelo"}, "model": "trabajador.afp", "pk": 7}, {"fields": {"nombre": "Fonasa"}, "model": "trabajador.sistemasalud", "pk": 1}, {"fields": {"nombre": "Isapre Banm\u00e9dica"}, "model": "trabajador.sistemasalud", "pk": 2}, {"fields": {"nombre": "Isapre Colmena"}, "model": "trabajador.sistemasalud", "pk": 3}, {"fields": {"nombre": "Isapre Consalud"}, "model": "trabajador.sistemasalud", "pk": 4}, {"fields": {"nombre": "Isapre Cruz Blanca"}, "model": "trabajador.sistemasalud", "pk": 5}, {"fields": {"nombre": "Isapre M\u00e1s Vida"}, "model": "trabajador.sistemasalud", "pk": 6}, {"fields": {"nombre": "Isapre Vida Tres"}, "model": "trabajador.sistemasalud", "pk": 7}, {"fields": {"nombre": "Soltero"}, "model": "trabajador.estadocivil", "pk": 1}, {"fields": {"nombre": "Casado"}, "model": "trabajador.estadocivil", "pk": 2}, {"fields": {"nombre": "Divorciado"}, "model": "trabajador.estadocivil", "pk": 3}, {"fields": {"nombre": "Viudo"}, "model": "trabajador.estadocivil", "pk": 4}, {"fields": {"nombre": "Al d\u00eda"}, "model": "trabajador.estadovacacion", "pk": 1}, {"fields": {"nombre": "Pendientes"}, "model": "trabajador.estadovacacion", "pk": 2}, {"fields": {"nombre": "Programadas"}, "model": "trabajador.estadovacacion", "pk": 3}, {"fields": {"apellido": "perez", "fecha_inicio_contrato": "2014-12-01", "afp": 3, "sistema_salud": 3, "rut": "1-9", "nombre": "juanito", "estado_civil": 2, "vigencia_licencia": "2012-01-04", "nacimiento": "2014-04-16", "domicilio": "un domicilio pro"}, "model": "trabajador.trabajador", "pk": 2}, {"fields": {"activo": null, "fecha_inicio": null, "trabajador": 2, "estado_vacacion": 2, "dias_restantes": null}, "model": "trabajador.vacacion", "pk": 2}, {"fields": {"actual": 1, "fecha_creacion": "2015-01-05T15:46:35.988", "boleta_final": 50, "activo": true, "boleta_inicial": 1, "trabajador": 2, "fecha_modificacion": "2015-01-05T15:46:35.988"}, "model": "trabajador.boletatrabajador", "pk": 1}, {"fields": {"actual": 1, "guia_inicial": 1, "guia_final": 20, "fecha_creacion": "2015-01-05T15:46:20.487", "activo": true, "trabajador": 2, "fecha_modificacion": "2015-01-05T15:46:20.487"}, "model": "trabajador.guiatrabajador", "pk": 1}, {"fields": {"nombre": "llenos normales"}, "model": "bodega.tipoproducto", "pk": 1}, {"fields": {"nombre": "llenos catal\u00edticos"}, "model": "bodega.tipoproducto", "pk": 2}, {"fields": {"nombre": "garant\u00edas"}, "model": "bodega.tipoproducto", "pk": 3}, {"fields": {"orden": 1, "nivel_critico": null, "peso": 5, "tipo_producto": 1, "nombre": "5 kilos", "codigo": 1105, "stock": 3}, "model": "bodega.producto", "pk": 1}, {"fields": {"orden": 1, "nivel_critico": null, "peso": 11, "tipo_producto": 1, "nombre": "11 kilos", "codigo": 1111, "stock": 0}, "model": "bodega.producto", "pk": 2}, {"fields": {"orden": 1, "nivel_critico": null, "peso": 15, "tipo_producto": 1, "nombre": "15 kilos", "codigo": 1115, "stock": 4}, "model": "bodega.producto", "pk": 3}, {"fields": {"orden": 1, "nivel_critico": null, "peso": 45, "tipo_producto": 1, "nombre": "45 kilos", "codigo": 1145, "stock": 0}, "model": "bodega.producto", "pk": 4}, {"fields": {"orden": 3, "nivel_critico": null, "peso": 15, "tipo_producto": 1, "nombre": "Autogas Aluminio", "codigo": 1215, "stock": 0}, "model": "bodega.producto", "pk": 5}, {"fields": {"orden": 4, "nivel_critico": null, "peso": 15, "tipo_producto": 1, "nombre": "Autogas Fierro", "codigo": 1315, "stock": 0}, "model": "bodega.producto", "pk": 6}, {"fields": {"orden": 2, "nivel_critico": null, "peso": 5, "tipo_producto": 2, "nombre": "5 kilos", "codigo": 1405, "stock": 0}, "model": "bodega.producto", "pk": 7}, {"fields": {"orden": 2, "nivel_critico": null, "peso": 11, "tipo_producto": 2, "nombre": "11 kilos", "codigo": 1411, "stock": 0}, "model": "bodega.producto", "pk": 8}, {"fields": {"orden": 2, "nivel_critico": null, "peso": 15, "tipo_producto": 2, "nombre": "15 kilos", "codigo": 1415, "stock": 0}, "model": "bodega.producto", "pk": 9}, {"fields": {"orden": 2, "nivel_critico": null, "peso": 45, "tipo_producto": 2, "nombre": "45 kilos", "codigo": 1445, "stock": 0}, "model": "bodega.producto", "pk": 10}, {"fields": {"orden": -1, "nivel_critico": null, "peso": 15, "tipo_producto": 2, "nombre": "Butano", "codigo": 1515, "stock": 0}, "model": "bodega.producto", "pk": 11}, {"fields": {"orden": 5, "nivel_critico": null, "peso": 5, "tipo_producto": 3, "nombre": "5 kilos", "codigo": 3105, "stock": 0}, "model": "bodega.producto", "pk": 12}, {"fields": {"orden": 5, "nivel_critico": null, "peso": 11, "tipo_producto": 3, "nombre": "11 kilos", "codigo": 3111, "stock": 0}, "model": "bodega.producto", "pk": 13}, {"fields": {"orden": 5, "nivel_critico": null, "peso": 15, "tipo_producto": 3, "nombre": "15 kilos", "codigo": 3115, "stock": 0}, "model": "bodega.producto", "pk": 14}, {"fields": {"orden": 5, "nivel_critico": null, "peso": 45, "tipo_producto": 3, "nombre": "45 kilos", "codigo": 3145, "stock": 0}, "model": "bodega.producto", "pk": 15}, {"fields": {"orden": 5, "nivel_critico": null, "peso": 15, "tipo_producto": 3, "nombre": "Aluminio", "codigo": 3215, "stock": 0}, "model": "bodega.producto", "pk": 16}, {"fields": {"orden": 5, "nivel_critico": null, "peso": 15, "tipo_producto": 3, "nombre": "Fierro", "codigo": 3315, "stock": 0}, "model": "bodega.producto", "pk": 17}, {"fields": {"producto": 1, "fecha": "2014-12-30", "precio": 5000}, "model": "bodega.precioproducto", "pk": 1}, {"fields": {"producto": 2, "fecha": "2014-12-30", "precio": 500}, "model": "bodega.precioproducto", "pk": 2}, {"fields": {"producto": 3, "fecha": "2014-12-30", "precio": 54059}, "model": "bodega.precioproducto", "pk": 3}, {"fields": {"producto": 4, "fecha": "2014-12-30", "precio": 48373}, "model": "bodega.precioproducto", "pk": 4}, {"fields": {"producto": 7, "fecha": "2014-12-30", "precio": 12312}, "model": "bodega.precioproducto", "pk": 5}, {"fields": {"producto": 8, "fecha": "2014-12-30", "precio": 56456}, "model": "bodega.precioproducto", "pk": 6}, {"fields": {"producto": 9, "fecha": "2014-12-30", "precio": 132}, "model": "bodega.precioproducto", "pk": 7}, {"fields": {"producto": 10, "fecha": "2014-12-30", "precio": 435345}, "model": "bodega.precioproducto", "pk": 8}, {"fields": {"producto": 5, "fecha": "2014-12-30", "precio": 423}, "model": "bodega.precioproducto", "pk": 9}, {"fields": {"producto": 6, "fecha": "2014-12-30", "precio": 234}, "model": "bodega.precioproducto", "pk": 10}, {"fields": {"fecha": "2015-01-05T15:45:39.222", "numero_factura": 1, "precio": 295295}, "model": "bodega.factura", "pk": 1}, {"fields": {"patente": "ecec00", "fecha_revision_tecnica": "2015-01-05", "estado_sec": true, "km": 0, "estado_pago": true}, "model": "bodega.vehiculo", "pk": 1}, {"fields": {"producto": 1, "vehiculo": 1, "cantidad": 2}, "model": "bodega.stockvehiculo", "pk": 1}, {"fields": {"producto": 3, "vehiculo": 1, "cantidad": 1}, "model": "bodega.stockvehiculo", "pk": 2}, {"fields": {"activo": true, "fecha": "2015-01-05T15:44:21.059", "trabajador": 2, "vehiculo": 1}, "model": "bodega.trabajadorvehiculo", "pk": 1}, {"fields": {"fecha": "2015-01-05T15:44:21.060", "trabajador": 2, "vehiculo": 1, "numero": 1}, "model": "bodega.movil", "pk": 1}, {"fields": {"movil": 1, "fecha": "2015-01-05T15:47:50.149", "estado": false, "valor_total": 0, "numero": 1}, "model": "bodega.guiadespacho", "pk": 1}, {"fields": {"cantidad": 5, "producto": 1, "fecha": "2015-01-05", "factura": 1, "guia_despacho": null, "es_recarga": false}, "model": "bodega.historialstock", "pk": 1}, {"fields": {"cantidad": 5, "producto": 3, "fecha": "2015-01-05", "factura": 1, "guia_despacho": null, "es_recarga": false}, "model": "bodega.historialstock", "pk": 2}, {"fields": {"cantidad": 0, "producto": 12, "fecha": "2015-01-05", "factura": 1, "guia_despacho": null, "es_recarga": false}, "model": "bodega.historialstock", "pk": 3}, {"fields": {"cantidad": 0, "producto": 14, "fecha": "2015-01-05", "factura": 1, "guia_despacho": null, "es_recarga": false}, "model": "bodega.historialstock", "pk": 4}, {"fields": {"cantidad": 2, "producto": 1, "fecha": "2015-01-05", "factura": null, "guia_despacho": 1, "es_recarga": false}, "model": "bodega.historialstock", "pk": 5}, {"fields": {"cantidad": 1, "producto": 3, "fecha": "2015-01-05", "factura": null, "guia_despacho": 1, "es_recarga": false}, "model": "bodega.historialstock", "pk": 6}, {"fields": {"nombre": "Regi\u00f3n de Tarapac\u00e1", "orden": 1}, "model": "clientes.region", "pk": 1}, {"fields": {"nombre": "Regi\u00f3n de Antofagasta", "orden": 2}, "model": "clientes.region", "pk": 2}, {"fields": {"nombre": "Regi\u00f3n de Atacama", "orden": 3}, "model": "clientes.region", "pk": 3}, {"fields": {"nombre": "Regi\u00f3n de Coquimbo", "orden": 4}, "model": "clientes.region", "pk": 4}, {"fields": {"nombre": "Regi\u00f3n de Valpara\u00edso", "orden": 5}, "model": "clientes.region", "pk": 5}, {"fields": {"nombre": "Regi\u00f3n del Libertador Gral. Bernardo O\u2019Higgins", "orden": 6}, "model": "clientes.region", "pk": 6}, {"fields": {"nombre": "Regi\u00f3n del Maule", "orden": 7}, "model": "clientes.region", "pk": 7}, {"fields": {"nombre": "Regi\u00f3n del Biob\u00edo", "orden": 8}, "model": "clientes.region", "pk": 8}, {"fields": {"nombre": "Regi\u00f3n de la Araucan\u00eda", "orden": 9}, "model": "clientes.region", "pk": 9}, {"fields": {"nombre": "Regi\u00f3n de Los Lagos", "orden": 10}, "model": "clientes.region", "pk": 10}, {"fields": {"nombre": "Regi\u00f3n Ais\u00e9n del Gral. Carlos Ib\u00e1\u00f1ez del Campo", "orden": 11}, "model": "clientes.region", "pk": 11}, {"fields": {"nombre": "Regi\u00f3n de Magallanes y de la Ant\u00e1rtica Chilena", "orden": 12}, "model": "clientes.region", "pk": 12}, {"fields": {"nombre": "Regi\u00f3n Metropolitana de Santiago", "orden": 13}, "model": "clientes.region", "pk": 13}, {"fields": {"nombre": "Regi\u00f3n de Los R\u00edos", "orden": 14}, "model": "clientes.region", "pk": 14}, {"fields": {"nombre": "Regi\u00f3n de Arica y Parinacota", "orden": 15}, "model": "clientes.region", "pk": 15}, {"fields": {"nombre": "Iquique", "region": 1}, "model": "clientes.comuna", "pk": 1101}, {"fields": {"nombre": "Alto Hospicio", "region": 1}, "model": "clientes.comuna", "pk": 1107}, {"fields": {"nombre": "Pozo Almonte", "region": 1}, "model": "clientes.comuna", "pk": 1401}, {"fields": {"nombre": "Cami\u00f1a", "region": 1}, "model": "clientes.comuna", "pk": 1402}, {"fields": {"nombre": "Colchane", "region": 1}, "model": "clientes.comuna", "pk": 1403}, {"fields": {"nombre": "Huara", "region": 1}, "model": "clientes.comuna", "pk": 1404}, {"fields": {"nombre": "Pica", "region": 1}, "model": "clientes.comuna", "pk": 1405}, {"fields": {"nombre": "Antofagasta", "region": 2}, "model": "clientes.comuna", "pk": 2101}, {"fields": {"nombre": "Mejillones", "region": 2}, "model": "clientes.comuna", "pk": 2102}, {"fields": {"nombre": "Sierra Gorda", "region": 2}, "model": "clientes.comuna", "pk": 2103}, {"fields": {"nombre": "Taltal", "region": 2}, "model": "clientes.comuna", "pk": 2104}, {"fields": {"nombre": "Calama", "region": 2}, "model": "clientes.comuna", "pk": 2201}, {"fields": {"nombre": "Ollag\u00fce", "region": 2}, "model": "clientes.comuna", "pk": 2202}, {"fields": {"nombre": "San Pedro de Atacama", "region": 2}, "model": "clientes.comuna", "pk": 2203}, {"fields": {"nombre": "Tocopilla", "region": 2}, "model": "clientes.comuna", "pk": 2301}, {"fields": {"nombre": "Mar\u00eda Elena", "region": 2}, "model": "clientes.comuna", "pk": 2302}, {"fields": {"nombre": "Copiap\u00f3", "region": 3}, "model": "clientes.comuna", "pk": 3101}, {"fields": {"nombre": "Caldera", "region": 3}, "model": "clientes.comuna", "pk": 3102}, {"fields": {"nombre": "Tierra Amarilla", "region": 3}, "model": "clientes.comuna", "pk": 3103}, {"fields": {"nombre": "Cha\u00f1aral", "region": 3}, "model": "clientes.comuna", "pk": 3201}, {"fields": {"nombre": "Diego de Almagro", "region": 3}, "model": "clientes.comuna", "pk": 3202}, {"fields": {"nombre": "Vallenar", "region": 3}, "model": "clientes.comuna", "pk": 3301}, {"fields": {"nombre": "Alto del Carmen", "region": 3}, "model": "clientes.comuna", "pk": 3302}, {"fields": {"nombre": "Freirina", "region": 3}, "model": "clientes.comuna", "pk": 3303}, {"fields": {"nombre": "Huasco", "region": 3}, "model": "clientes.comuna", "pk": 3304}, {"fields": {"nombre": "La Serena", "region": 4}, "model": "clientes.comuna", "pk": 4101}, {"fields": {"nombre": "Coquimbo", "region": 4}, "model": "clientes.comuna", "pk": 4102}, {"fields": {"nombre": "Andacollo", "region": 4}, "model": "clientes.comuna", "pk": 4103}, {"fields": {"nombre": "La Higuera", "region": 4}, "model": "clientes.comuna", "pk": 4104}, {"fields": {"nombre": "Paiguano", "region": 4}, "model": "clientes.comuna", "pk": 4105}, {"fields": {"nombre": "Vicu\u00f1a", "region": 4}, "model": "clientes.comuna", "pk": 4106}, {"fields": {"nombre": "Illapel", "region": 4}, "model": "clientes.comuna", "pk": 4201}, {"fields": {"nombre": "Canela", "region": 4}, "model": "clientes.comuna", "pk": 4202}, {"fields": {"nombre": "Los Vilos", "region": 4}, "model": "clientes.comuna", "pk": 4203}, {"fields": {"nombre": "Salamanca", "region": 4}, "model": "clientes.comuna", "pk": 4204}, {"fields": {"nombre": "Ovalle", "region": 4}, "model": "clientes.comuna", "pk": 4301}, {"fields": {"nombre": "Combarbal\u00e1", "region": 4}, "model": "clientes.comuna", "pk": 4302}, {"fields": {"nombre": "Monte Patria", "region": 4}, "model": "clientes.comuna", "pk": 4303}, {"fields": {"nombre": "Punitaqui", "region": 4}, "model": "clientes.comuna", "pk": 4304}, {"fields": {"nombre": "R\u00edo Hurtado", "region": 4}, "model": "clientes.comuna", "pk": 4305}, {"fields": {"nombre": "Valpara\u00edso", "region": 5}, "model": "clientes.comuna", "pk": 5101}, {"fields": {"nombre": "Casablanca", "region": 5}, "model": "clientes.comuna", "pk": 5102}, {"fields": {"nombre": "Conc\u00f3n", "region": 5}, "model": "clientes.comuna", "pk": 5103}, {"fields": {"nombre": "Juan Fern\u00e1ndez", "region": 5}, "model": "clientes.comuna", "pk": 5104}, {"fields": {"nombre": "Puchuncav\u00ed", "region": 5}, "model": "clientes.comuna", "pk": 5105}, {"fields": {"nombre": "Quintero", "region": 5}, "model": "clientes.comuna", "pk": 5107}, {"fields": {"nombre": "Vi\u00f1a del Mar", "region": 5}, "model": "clientes.comuna", "pk": 5109}, {"fields": {"nombre": "Isla de Pascua", "region": 5}, "model": "clientes.comuna", "pk": 5201}, {"fields": {"nombre": "Los Andes", "region": 5}, "model": "clientes.comuna", "pk": 5301}, {"fields": {"nombre": "Calle Larga", "region": 5}, "model": "clientes.comuna", "pk": 5302}, {"fields": {"nombre": "Rinconada", "region": 5}, "model": "clientes.comuna", "pk": 5303}, {"fields": {"nombre": "San Esteban", "region": 5}, "model": "clientes.comuna", "pk": 5304}, {"fields": {"nombre": "La Ligua", "region": 5}, "model": "clientes.comuna", "pk": 5401}, {"fields": {"nombre": "Cabildo", "region": 5}, "model": "clientes.comuna", "pk": 5402}, {"fields": {"nombre": "Papudo", "region": 5}, "model": "clientes.comuna", "pk": 5403}, {"fields": {"nombre": "Petorca", "region": 5}, "model": "clientes.comuna", "pk": 5404}, {"fields": {"nombre": "Zapallar", "region": 5}, "model": "clientes.comuna", "pk": 5405}, {"fields": {"nombre": "Quillota", "region": 5}, "model": "clientes.comuna", "pk": 5501}, {"fields": {"nombre": "Calera", "region": 5}, "model": "clientes.comuna", "pk": 5502}, {"fields": {"nombre": "Hijuelas", "region": 5}, "model": "clientes.comuna", "pk": 5503}, {"fields": {"nombre": "La Cruz", "region": 5}, "model": "clientes.comuna", "pk": 5504}, {"fields": {"nombre": "Nogales", "region": 5}, "model": "clientes.comuna", "pk": 5506}, {"fields": {"nombre": "San Antonio", "region": 5}, "model": "clientes.comuna", "pk": 5601}, {"fields": {"nombre": "Algarrobo", "region": 5}, "model": "clientes.comuna", "pk": 5602}, {"fields": {"nombre": "Cartagena", "region": 5}, "model": "clientes.comuna", "pk": 5603}, {"fields": {"nombre": "El Quisco", "region": 5}, "model": "clientes.comuna", "pk": 5604}, {"fields": {"nombre": "El Tabo", "region": 5}, "model": "clientes.comuna", "pk": 5605}, {"fields": {"nombre": "Santo Domingo", "region": 5}, "model": "clientes.comuna", "pk": 5606}, {"fields": {"nombre": "San Felipe", "region": 5}, "model": "clientes.comuna", "pk": 5701}, {"fields": {"nombre": "Catemu", "region": 5}, "model": "clientes.comuna", "pk": 5702}, {"fields": {"nombre": "Llaillay", "region": 5}, "model": "clientes.comuna", "pk": 5703}, {"fields": {"nombre": "Panquehue", "region": 5}, "model": "clientes.comuna", "pk": 5704}, {"fields": {"nombre": "Putaendo", "region": 5}, "model": "clientes.comuna", "pk": 5705}, {"fields": {"nombre": "Santa Mar\u00eda", "region": 5}, "model": "clientes.comuna", "pk": 5706}, {"fields": {"nombre": "Quilpu\u00e9 ", "region": 5}, "model": "clientes.comuna", "pk": 5801}, {"fields": {"nombre": "Limache", "region": 5}, "model": "clientes.comuna", "pk": 5802}, {"fields": {"nombre": "Olmu\u00e9", "region": 5}, "model": "clientes.comuna", "pk": 5803}, {"fields": {"nombre": "Villa Alemana", "region": 5}, "model": "clientes.comuna", "pk": 5804}, {"fields": {"nombre": "Rancagua", "region": 6}, "model": "clientes.comuna", "pk": 6101}, {"fields": {"nombre": "Codegua", "region": 6}, "model": "clientes.comuna", "pk": 6102}, {"fields": {"nombre": "Coinco", "region": 6}, "model": "clientes.comuna", "pk": 6103}, {"fields": {"nombre": "Coltauco", "region": 6}, "model": "clientes.comuna", "pk": 6104}, {"fields": {"nombre": "Do\u00f1ihue", "region": 6}, "model": "clientes.comuna", "pk": 6105}, {"fields": {"nombre": "Graneros", "region": 6}, "model": "clientes.comuna", "pk": 6106}, {"fields": {"nombre": "Las Cabras", "region": 6}, "model": "clientes.comuna", "pk": 6107}, {"fields": {"nombre": "Machal\u00ed", "region": 6}, "model": "clientes.comuna", "pk": 6108}, {"fields": {"nombre": "Malloa", "region": 6}, "model": "clientes.comuna", "pk": 6109}, {"fields": {"nombre": "Mostazal", "region": 6}, "model": "clientes.comuna", "pk": 6110}, {"fields": {"nombre": "Olivar", "region": 6}, "model": "clientes.comuna", "pk": 6111}, {"fields": {"nombre": "Peumo", "region": 6}, "model": "clientes.comuna", "pk": 6112}, {"fields": {"nombre": "Pichidegua", "region": 6}, "model": "clientes.comuna", "pk": 6113}, {"fields": {"nombre": "Quinta de Tilcoco", "region": 6}, "model": "clientes.comuna", "pk": 6114}, {"fields": {"nombre": "Rengo", "region": 6}, "model": "clientes.comuna", "pk": 6115}, {"fields": {"nombre": "Requ\u00ednoa", "region": 6}, "model": "clientes.comuna", "pk": 6116}, {"fields": {"nombre": "San Vicente", "region": 6}, "model": "clientes.comuna", "pk": 6117}, {"fields": {"nombre": "Pichilemu", "region": 6}, "model": "clientes.comuna", "pk": 6201}, {"fields": {"nombre": "La Estrella", "region": 6}, "model": "clientes.comuna", "pk": 6202}, {"fields": {"nombre": "Litueche", "region": 6}, "model": "clientes.comuna", "pk": 6203}, {"fields": {"nombre": "Marchihue", "region": 6}, "model": "clientes.comuna", "pk": 6204}, {"fields": {"nombre": "Navidad", "region": 6}, "model": "clientes.comuna", "pk": 6205}, {"fields": {"nombre": "Paredones", "region": 6}, "model": "clientes.comuna", "pk": 6206}, {"fields": {"nombre": "San Fernando", "region": 6}, "model": "clientes.comuna", "pk": 6301}, {"fields": {"nombre": "Ch\u00e9pica", "region": 6}, "model": "clientes.comuna", "pk": 6302}, {"fields": {"nombre": "Chimbarongo", "region": 6}, "model": "clientes.comuna", "pk": 6303}, {"fields": {"nombre": "Lolol", "region": 6}, "model": "clientes.comuna", "pk": 6304}, {"fields": {"nombre": "Nancagua", "region": 6}, "model": "clientes.comuna", "pk": 6305}, {"fields": {"nombre": "Palmilla", "region": 6}, "model": "clientes.comuna", "pk": 6306}, {"fields": {"nombre": "Peralillo", "region": 6}, "model": "clientes.comuna", "pk": 6307}, {"fields": {"nombre": "Placilla", "region": 6}, "model": "clientes.comuna", "pk": 6308}, {"fields": {"nombre": "Pumanque", "region": 6}, "model": "clientes.comuna", "pk": 6309}, {"fields": {"nombre": "Santa Cruz", "region": 6}, "model": "clientes.comuna", "pk": 6310}, {"fields": {"nombre": "Talca", "region": 7}, "model": "clientes.comuna", "pk": 7101}, {"fields": {"nombre": "Constituci\u00f3n", "region": 7}, "model": "clientes.comuna", "pk": 7102}, {"fields": {"nombre": "Curepto", "region": 7}, "model": "clientes.comuna", "pk": 7103}, {"fields": {"nombre": "Empedrado", "region": 7}, "model": "clientes.comuna", "pk": 7104}, {"fields": {"nombre": "Maule", "region": 7}, "model": "clientes.comuna", "pk": 7105}, {"fields": {"nombre": "Pelarco", "region": 7}, "model": "clientes.comuna", "pk": 7106}, {"fields": {"nombre": "Pencahue", "region": 7}, "model": "clientes.comuna", "pk": 7107}, {"fields": {"nombre": "R\u00edo Claro", "region": 7}, "model": "clientes.comuna", "pk": 7108}, {"fields": {"nombre": "San Clemente", "region": 7}, "model": "clientes.comuna", "pk": 7109}, {"fields": {"nombre": "San Rafael", "region": 7}, "model": "clientes.comuna", "pk": 7110}, {"fields": {"nombre": "Cauquenes", "region": 7}, "model": "clientes.comuna", "pk": 7201}, {"fields": {"nombre": "Chanco", "region": 7}, "model": "clientes.comuna", "pk": 7202}, {"fields": {"nombre": "Pelluhue", "region": 7}, "model": "clientes.comuna", "pk": 7203}, {"fields": {"nombre": "Curic\u00f3", "region": 7}, "model": "clientes.comuna", "pk": 7301}, {"fields": {"nombre": "Huala\u00f1\u00e9", "region": 7}, "model": "clientes.comuna", "pk": 7302}, {"fields": {"nombre": "Licant\u00e9n", "region": 7}, "model": "clientes.comuna", "pk": 7303}, {"fields": {"nombre": "Molina", "region": 7}, "model": "clientes.comuna", "pk": 7304}, {"fields": {"nombre": "Rauco", "region": 7}, "model": "clientes.comuna", "pk": 7305}, {"fields": {"nombre": "Romeral", "region": 7}, "model": "clientes.comuna", "pk": 7306}, {"fields": {"nombre": "Sagrada Familia", "region": 7}, "model": "clientes.comuna", "pk": 7307}, {"fields": {"nombre": "Teno", "region": 7}, "model": "clientes.comuna", "pk": 7308}, {"fields": {"nombre": "Vichuqu\u00e9n", "region": 7}, "model": "clientes.comuna", "pk": 7309}, {"fields": {"nombre": "Linares", "region": 7}, "model": "clientes.comuna", "pk": 7401}, {"fields": {"nombre": "Colb\u00fan", "region": 7}, "model": "clientes.comuna", "pk": 7402}, {"fields": {"nombre": "Longav\u00ed", "region": 7}, "model": "clientes.comuna", "pk": 7403}, {"fields": {"nombre": "Parral", "region": 7}, "model": "clientes.comuna", "pk": 7404}, {"fields": {"nombre": "Retiro", "region": 7}, "model": "clientes.comuna", "pk": 7405}, {"fields": {"nombre": "San Javier", "region": 7}, "model": "clientes.comuna", "pk": 7406}, {"fields": {"nombre": "Villa Alegre", "region": 7}, "model": "clientes.comuna", "pk": 7407}, {"fields": {"nombre": "Yerbas Buenas", "region": 7}, "model": "clientes.comuna", "pk": 7408}, {"fields": {"nombre": "Concepci\u00f3n", "region": 8}, "model": "clientes.comuna", "pk": 8101}, {"fields": {"nombre": "Coronel", "region": 8}, "model": "clientes.comuna", "pk": 8102}, {"fields": {"nombre": "Chiguayante", "region": 8}, "model": "clientes.comuna", "pk": 8103}, {"fields": {"nombre": "Florida", "region": 8}, "model": "clientes.comuna", "pk": 8104}, {"fields": {"nombre": "Hualqui", "region": 8}, "model": "clientes.comuna", "pk": 8105}, {"fields": {"nombre": "Lota", "region": 8}, "model": "clientes.comuna", "pk": 8106}, {"fields": {"nombre": "Penco", "region": 8}, "model": "clientes.comuna", "pk": 8107}, {"fields": {"nombre": "San Pedro de la Paz", "region": 8}, "model": "clientes.comuna", "pk": 8108}, {"fields": {"nombre": "Santa Juana", "region": 8}, "model": "clientes.comuna", "pk": 8109}, {"fields": {"nombre": "Talcahuano", "region": 8}, "model": "clientes.comuna", "pk": 8110}, {"fields": {"nombre": "Tom\u00e9", "region": 8}, "model": "clientes.comuna", "pk": 8111}, {"fields": {"nombre": "Hualp\u00e9n", "region": 8}, "model": "clientes.comuna", "pk": 8112}, {"fields": {"nombre": "Lebu", "region": 8}, "model": "clientes.comuna", "pk": 8201}, {"fields": {"nombre": "Arauco", "region": 8}, "model": "clientes.comuna", "pk": 8202}, {"fields": {"nombre": "Ca\u00f1ete", "region": 8}, "model": "clientes.comuna", "pk": 8203}, {"fields": {"nombre": "Contulmo", "region": 8}, "model": "clientes.comuna", "pk": 8204}, {"fields": {"nombre": "Curanilahue", "region": 8}, "model": "clientes.comuna", "pk": 8205}, {"fields": {"nombre": "Los \u00c1lamos", "region": 8}, "model": "clientes.comuna", "pk": 8206}, {"fields": {"nombre": "Tir\u00faa", "region": 8}, "model": "clientes.comuna", "pk": 8207}, {"fields": {"nombre": "Los \u00c1ngeles", "region": 8}, "model": "clientes.comuna", "pk": 8301}, {"fields": {"nombre": "Antuco", "region": 8}, "model": "clientes.comuna", "pk": 8302}, {"fields": {"nombre": "Cabrero", "region": 8}, "model": "clientes.comuna", "pk": 8303}, {"fields": {"nombre": "Laja", "region": 8}, "model": "clientes.comuna", "pk": 8304}, {"fields": {"nombre": "Mulch\u00e9n", "region": 8}, "model": "clientes.comuna", "pk": 8305}, {"fields": {"nombre": "Nacimiento", "region": 8}, "model": "clientes.comuna", "pk": 8306}, {"fields": {"nombre": "Negrete", "region": 8}, "model": "clientes.comuna", "pk": 8307}, {"fields": {"nombre": "Quilaco", "region": 8}, "model": "clientes.comuna", "pk": 8308}, {"fields": {"nombre": "Quilleco", "region": 8}, "model": "clientes.comuna", "pk": 8309}, {"fields": {"nombre": "San Rosendo", "region": 8}, "model": "clientes.comuna", "pk": 8310}, {"fields": {"nombre": "Santa B\u00e1rbara", "region": 8}, "model": "clientes.comuna", "pk": 8311}, {"fields": {"nombre": "Tucapel", "region": 8}, "model": "clientes.comuna", "pk": 8312}, {"fields": {"nombre": "Yumbel", "region": 8}, "model": "clientes.comuna", "pk": 8313}, {"fields": {"nombre": "Alto Biob\u00edo", "region": 8}, "model": "clientes.comuna", "pk": 8314}, {"fields": {"nombre": "Chill\u00e1n", "region": 8}, "model": "clientes.comuna", "pk": 8401}, {"fields": {"nombre": "Bulnes", "region": 8}, "model": "clientes.comuna", "pk": 8402}, {"fields": {"nombre": "Cobquecura", "region": 8}, "model": "clientes.comuna", "pk": 8403}, {"fields": {"nombre": "Coelemu", "region": 8}, "model": "clientes.comuna", "pk": 8404}, {"fields": {"nombre": "Coihueco", "region": 8}, "model": "clientes.comuna", "pk": 8405}, {"fields": {"nombre": "Chill\u00e1n Viejo", "region": 8}, "model": "clientes.comuna", "pk": 8406}, {"fields": {"nombre": "El Carmen", "region": 8}, "model": "clientes.comuna", "pk": 8407}, {"fields": {"nombre": "Ninhue", "region": 8}, "model": "clientes.comuna", "pk": 8408}, {"fields": {"nombre": "\u00d1iqu\u00e9n", "region": 8}, "model": "clientes.comuna", "pk": 8409}, {"fields": {"nombre": "Pemuco", "region": 8}, "model": "clientes.comuna", "pk": 8410}, {"fields": {"nombre": "PINTO", "region": 8}, "model": "clientes.comuna", "pk": 8411}, {"fields": {"nombre": "Portezuelo", "region": 8}, "model": "clientes.comuna", "pk": 8412}, {"fields": {"nombre": "Quill\u00f3n", "region": 8}, "model": "clientes.comuna", "pk": 8413}, {"fields": {"nombre": "Quirihue", "region": 8}, "model": "clientes.comuna", "pk": 8414}, {"fields": {"nombre": "R\u00e1nquil", "region": 8}, "model": "clientes.comuna", "pk": 8415}, {"fields": {"nombre": "San Carlos", "region": 8}, "model": "clientes.comuna", "pk": 8416}, {"fields": {"nombre": "San Fabi\u00e1n", "region": 8}, "model": "clientes.comuna", "pk": 8417}, {"fields": {"nombre": "San Ignacio", "region": 8}, "model": "clientes.comuna", "pk": 8418}, {"fields": {"nombre": "San Nicol\u00e1s", "region": 8}, "model": "clientes.comuna", "pk": 8419}, {"fields": {"nombre": "Treguaco", "region": 8}, "model": "clientes.comuna", "pk": 8420}, {"fields": {"nombre": "Yungay", "region": 8}, "model": "clientes.comuna", "pk": 8421}, {"fields": {"nombre": "Temuco", "region": 9}, "model": "clientes.comuna", "pk": 9101}, {"fields": {"nombre": "Carahue", "region": 9}, "model": "clientes.comuna", "pk": 9102}, {"fields": {"nombre": "Cunco", "region": 9}, "model": "clientes.comuna", "pk": 9103}, {"fields": {"nombre": "Curarrehue", "region": 9}, "model": "clientes.comuna", "pk": 9104}, {"fields": {"nombre": "Freire", "region": 9}, "model": "clientes.comuna", "pk": 9105}, {"fields": {"nombre": "Galvarino", "region": 9}, "model": "clientes.comuna", "pk": 9106}, {"fields": {"nombre": "Gorbea", "region": 9}, "model": "clientes.comuna", "pk": 9107}, {"fields": {"nombre": "Lautaro", "region": 9}, "model": "clientes.comuna", "pk": 9108}, {"fields": {"nombre": "Loncoche", "region": 9}, "model": "clientes.comuna", "pk": 9109}, {"fields": {"nombre": "Melipeuco", "region": 9}, "model": "clientes.comuna", "pk": 9110}, {"fields": {"nombre": "Nueva Imperial", "region": 9}, "model": "clientes.comuna", "pk": 9111}, {"fields": {"nombre": "Padre las Casas", "region": 9}, "model": "clientes.comuna", "pk": 9112}, {"fields": {"nombre": "Perquenco", "region": 9}, "model": "clientes.comuna", "pk": 9113}, {"fields": {"nombre": "Pitrufqu\u00e9n", "region": 9}, "model": "clientes.comuna", "pk": 9114}, {"fields": {"nombre": "Puc\u00f3n", "region": 9}, "model": "clientes.comuna", "pk": 9115}, {"fields": {"nombre": "Saavedra", "region": 9}, "model": "clientes.comuna", "pk": 9116}, {"fields": {"nombre": "Teodoro Schmidt", "region": 9}, "model": "clientes.comuna", "pk": 9117}, {"fields": {"nombre": "Tolt\u00e9n", "region": 9}, "model": "clientes.comuna", "pk": 9118}, {"fields": {"nombre": "Vilc\u00fan", "region": 9}, "model": "clientes.comuna", "pk": 9119}, {"fields": {"nombre": "Villarrica", "region": 9}, "model": "clientes.comuna", "pk": 9120}, {"fields": {"nombre": "Cholchol", "region": 9}, "model": "clientes.comuna", "pk": 9121}, {"fields": {"nombre": "Angol", "region": 9}, "model": "clientes.comuna", "pk": 9201}, {"fields": {"nombre": "Collipulli", "region": 9}, "model": "clientes.comuna", "pk": 9202}, {"fields": {"nombre": "Curacaut\u00edn", "region": 9}, "model": "clientes.comuna", "pk": 9203}, {"fields": {"nombre": "Ercilla", "region": 9}, "model": "clientes.comuna", "pk": 9204}, {"fields": {"nombre": "Lonquimay", "region": 9}, "model": "clientes.comuna", "pk": 9205}, {"fields": {"nombre": "Los Sauces", "region": 9}, "model": "clientes.comuna", "pk": 9206}, {"fields": {"nombre": "Lumaco", "region": 9}, "model": "clientes.comuna", "pk": 9207}, {"fields": {"nombre": "Pur\u00e9n", "region": 9}, "model": "clientes.comuna", "pk": 9208}, {"fields": {"nombre": "Renaico", "region": 9}, "model": "clientes.comuna", "pk": 9209}, {"fields": {"nombre": "Traigu\u00e9n", "region": 9}, "model": "clientes.comuna", "pk": 9210}, {"fields": {"nombre": "Victoria", "region": 9}, "model": "clientes.comuna", "pk": 9211}, {"fields": {"nombre": "Puerto Montt", "region": 10}, "model": "clientes.comuna", "pk": 10101}, {"fields": {"nombre": "Calbuco", "region": 10}, "model": "clientes.comuna", "pk": 10102}, {"fields": {"nombre": "Cocham\u00f3", "region": 10}, "model": "clientes.comuna", "pk": 10103}, {"fields": {"nombre": "Fresia", "region": 10}, "model": "clientes.comuna", "pk": 10104}, {"fields": {"nombre": "Frutillar", "region": 10}, "model": "clientes.comuna", "pk": 10105}, {"fields": {"nombre": "Los Muermos", "region": 10}, "model": "clientes.comuna", "pk": 10106}, {"fields": {"nombre": "Llanquihue", "region": 10}, "model": "clientes.comuna", "pk": 10107}, {"fields": {"nombre": "Maull\u00edn", "region": 10}, "model": "clientes.comuna", "pk": 10108}, {"fields": {"nombre": "Puerto Varas", "region": 10}, "model": "clientes.comuna", "pk": 10109}, {"fields": {"nombre": "Castro", "region": 10}, "model": "clientes.comuna", "pk": 10201}, {"fields": {"nombre": "Ancud", "region": 10}, "model": "clientes.comuna", "pk": 10202}, {"fields": {"nombre": "Chonchi", "region": 10}, "model": "clientes.comuna", "pk": 10203}, {"fields": {"nombre": "Curaco de V\u00e9lez", "region": 10}, "model": "clientes.comuna", "pk": 10204}, {"fields": {"nombre": "Dalcahue", "region": 10}, "model": "clientes.comuna", "pk": 10205}, {"fields": {"nombre": "Puqueld\u00f3n", "region": 10}, "model": "clientes.comuna", "pk": 10206}, {"fields": {"nombre": "Queil\u00e9n", "region": 10}, "model": "clientes.comuna", "pk": 10207}, {"fields": {"nombre": "Quell\u00f3n", "region": 10}, "model": "clientes.comuna", "pk": 10208}, {"fields": {"nombre": "Quemchi", "region": 10}, "model": "clientes.comuna", "pk": 10209}, {"fields": {"nombre": "Quinchao", "region": 10}, "model": "clientes.comuna", "pk": 10210}, {"fields": {"nombre": "Osorno", "region": 10}, "model": "clientes.comuna", "pk": 10301}, {"fields": {"nombre": "Puerto Octay", "region": 10}, "model": "clientes.comuna", "pk": 10302}, {"fields": {"nombre": "Purranque", "region": 10}, "model": "clientes.comuna", "pk": 10303}, {"fields": {"nombre": "Puyehue", "region": 10}, "model": "clientes.comuna", "pk": 10304}, {"fields": {"nombre": "R\u00edo Negro", "region": 10}, "model": "clientes.comuna", "pk": 10305}, {"fields": {"nombre": "San Juan de la Costa", "region": 10}, "model": "clientes.comuna", "pk": 10306}, {"fields": {"nombre": "San Pablo", "region": 10}, "model": "clientes.comuna", "pk": 10307}, {"fields": {"nombre": "Chait\u00e9n", "region": 10}, "model": "clientes.comuna", "pk": 10401}, {"fields": {"nombre": "Futaleuf\u00fa", "region": 10}, "model": "clientes.comuna", "pk": 10402}, {"fields": {"nombre": "Hualaihu\u00e9", "region": 10}, "model": "clientes.comuna", "pk": 10403}, {"fields": {"nombre": "Palena", "region": 10}, "model": "clientes.comuna", "pk": 10404}, {"fields": {"nombre": "Coihaique", "region": 11}, "model": "clientes.comuna", "pk": 11101}, {"fields": {"nombre": "Lago Verde", "region": 11}, "model": "clientes.comuna", "pk": 11102}, {"fields": {"nombre": "Ais\u00e9n", "region": 11}, "model": "clientes.comuna", "pk": 11201}, {"fields": {"nombre": "Cisnes", "region": 11}, "model": "clientes.comuna", "pk": 11202}, {"fields": {"nombre": "Guaitecas", "region": 11}, "model": "clientes.comuna", "pk": 11203}, {"fields": {"nombre": "Cochrane", "region": 11}, "model": "clientes.comuna", "pk": 11301}, {"fields": {"nombre": "O\u2019Higgins", "region": 11}, "model": "clientes.comuna", "pk": 11302}, {"fields": {"nombre": "Tortel", "region": 11}, "model": "clientes.comuna", "pk": 11303}, {"fields": {"nombre": "Chile Chico", "region": 11}, "model": "clientes.comuna", "pk": 11401}, {"fields": {"nombre": "R\u00edo Ib\u00e1\u00f1ez", "region": 11}, "model": "clientes.comuna", "pk": 11402}, {"fields": {"nombre": "Punta Arenas", "region": 12}, "model": "clientes.comuna", "pk": 12101}, {"fields": {"nombre": "Laguna Blanca", "region": 12}, "model": "clientes.comuna", "pk": 12102}, {"fields": {"nombre": "R\u00edo Verde", "region": 12}, "model": "clientes.comuna", "pk": 12103}, {"fields": {"nombre": "San Gregorio", "region": 12}, "model": "clientes.comuna", "pk": 12104}, {"fields": {"nombre": "Cabo de Hornos(Ex Navarino)", "region": 12}, "model": "clientes.comuna", "pk": 12201}, {"fields": {"nombre": "Ant\u00e1rtica", "region": 12}, "model": "clientes.comuna", "pk": 12202}, {"fields": {"nombre": "Porvenir", "region": 12}, "model": "clientes.comuna", "pk": 12301}, {"fields": {"nombre": "Primavera", "region": 12}, "model": "clientes.comuna", "pk": 12302}, {"fields": {"nombre": "Timaukel", "region": 12}, "model": "clientes.comuna", "pk": 12303}, {"fields": {"nombre": "Natales", "region": 12}, "model": "clientes.comuna", "pk": 12401}, {"fields": {"nombre": "Torres del Paine", "region": 12}, "model": "clientes.comuna", "pk": 12402}, {"fields": {"nombre": "Santiago", "region": 13}, "model": "clientes.comuna", "pk": 13101}, {"fields": {"nombre": "Cerrillos", "region": 13}, "model": "clientes.comuna", "pk": 13102}, {"fields": {"nombre": "Cerro Navia", "region": 13}, "model": "clientes.comuna", "pk": 13103}, {"fields": {"nombre": "Conchal\u00ed", "region": 13}, "model": "clientes.comuna", "pk": 13104}, {"fields": {"nombre": "El Bosque", "region": 13}, "model": "clientes.comuna", "pk": 13105}, {"fields": {"nombre": "Estaci\u00f3n Central", "region": 13}, "model": "clientes.comuna", "pk": 13106}, {"fields": {"nombre": "Huechuraba", "region": 13}, "model": "clientes.comuna", "pk": 13107}, {"fields": {"nombre": "Independencia", "region": 13}, "model": "clientes.comuna", "pk": 13108}, {"fields": {"nombre": "La Cisterna", "region": 13}, "model": "clientes.comuna", "pk": 13109}, {"fields": {"nombre": "La Florida", "region": 13}, "model": "clientes.comuna", "pk": 13110}, {"fields": {"nombre": "La Granja", "region": 13}, "model": "clientes.comuna", "pk": 13111}, {"fields": {"nombre": "La Pintana", "region": 13}, "model": "clientes.comuna", "pk": 13112}, {"fields": {"nombre": "La Reina", "region": 13}, "model": "clientes.comuna", "pk": 13113}, {"fields": {"nombre": "Las Condes", "region": 13}, "model": "clientes.comuna", "pk": 13114}, {"fields": {"nombre": "Lo Barnechea", "region": 13}, "model": "clientes.comuna", "pk": 13115}, {"fields": {"nombre": "Lo Espejo", "region": 13}, "model": "clientes.comuna", "pk": 13116}, {"fields": {"nombre": "Lo Prado", "region": 13}, "model": "clientes.comuna", "pk": 13117}, {"fields": {"nombre": "Macul", "region": 13}, "model": "clientes.comuna", "pk": 13118}, {"fields": {"nombre": "Maip\u00fa", "region": 13}, "model": "clientes.comuna", "pk": 13119}, {"fields": {"nombre": "\u00d1u\u00f1oa", "region": 13}, "model": "clientes.comuna", "pk": 13120}, {"fields": {"nombre": "Pedro Aguirre Cerda", "region": 13}, "model": "clientes.comuna", "pk": 13121}, {"fields": {"nombre": "Pe\u00f1alol\u00e9n", "region": 13}, "model": "clientes.comuna", "pk": 13122}, {"fields": {"nombre": "Providencia", "region": 13}, "model": "clientes.comuna", "pk": 13123}, {"fields": {"nombre": "Pudahuel", "region": 13}, "model": "clientes.comuna", "pk": 13124}, {"fields": {"nombre": "Quilicura", "region": 13}, "model": "clientes.comuna", "pk": 13125}, {"fields": {"nombre": "Quinta Normal", "region": 13}, "model": "clientes.comuna", "pk": 13126}, {"fields": {"nombre": "Recoleta", "region": 13}, "model": "clientes.comuna", "pk": 13127}, {"fields": {"nombre": "Renca", "region": 13}, "model": "clientes.comuna", "pk": 13128}, {"fields": {"nombre": "San Joaqu\u00edn", "region": 13}, "model": "clientes.comuna", "pk": 13129}, {"fields": {"nombre": "San Miguel", "region": 13}, "model": "clientes.comuna", "pk": 13130}, {"fields": {"nombre": "San Ram\u00f3n", "region": 13}, "model": "clientes.comuna", "pk": 13131}, {"fields": {"nombre": "Vitacura", "region": 13}, "model": "clientes.comuna", "pk": 13132}, {"fields": {"nombre": "Puente Alto", "region": 13}, "model": "clientes.comuna", "pk": 13201}, {"fields": {"nombre": "Pirque", "region": 13}, "model": "clientes.comuna", "pk": 13202}, {"fields": {"nombre": "San Jos\u00e9 de Maipo", "region": 13}, "model": "clientes.comuna", "pk": 13203}, {"fields": {"nombre": "Colina", "region": 13}, "model": "clientes.comuna", "pk": 13301}, {"fields": {"nombre": "Lampa", "region": 13}, "model": "clientes.comuna", "pk": 13302}, {"fields": {"nombre": "Tiltil", "region": 13}, "model": "clientes.comuna", "pk": 13303}, {"fields": {"nombre": "San Bernardo", "region": 13}, "model": "clientes.comuna", "pk": 13401}, {"fields": {"nombre": "Buin", "region": 13}, "model": "clientes.comuna", "pk": 13402}, {"fields": {"nombre": "Calera de Tango", "region": 13}, "model": "clientes.comuna", "pk": 13403}, {"fields": {"nombre": "Paine", "region": 13}, "model": "clientes.comuna", "pk": 13404}, {"fields": {"nombre": "Melipilla", "region": 13}, "model": "clientes.comuna", "pk": 13501}, {"fields": {"nombre": "Alhu\u00e9", "region": 13}, "model": "clientes.comuna", "pk": 13502}, {"fields": {"nombre": "Curacav\u00ed", "region": 13}, "model": "clientes.comuna", "pk": 13503}, {"fields": {"nombre": "Mar\u00eda PINTO", "region": 13}, "model": "clientes.comuna", "pk": 13504}, {"fields": {"nombre": "San Pedro", "region": 13}, "model": "clientes.comuna", "pk": 13505}, {"fields": {"nombre": "Talagante", "region": 13}, "model": "clientes.comuna", "pk": 13601}, {"fields": {"nombre": "El Monte", "region": 13}, "model": "clientes.comuna", "pk": 13602}, {"fields": {"nombre": "Isla de Maipo", "region": 13}, "model": "clientes.comuna", "pk": 13603}, {"fields": {"nombre": "Padre Hurtado", "region": 13}, "model": "clientes.comuna", "pk": 13604}, {"fields": {"nombre": "Pe\u00f1aflor", "region": 13}, "model": "clientes.comuna", "pk": 13605}, {"fields": {"nombre": "Valdivia ", "region": 14}, "model": "clientes.comuna", "pk": 14101}, {"fields": {"nombre": "Corral ", "region": 14}, "model": "clientes.comuna", "pk": 14102}, {"fields": {"nombre": "Lanco ", "region": 14}, "model": "clientes.comuna", "pk": 14103}, {"fields": {"nombre": "Los Lagos ", "region": 14}, "model": "clientes.comuna", "pk": 14104}, {"fields": {"nombre": "M\u00e1fil", "region": 14}, "model": "clientes.comuna", "pk": 14105}, {"fields": {"nombre": "Mariquina", "region": 14}, "model": "clientes.comuna", "pk": 14106}, {"fields": {"nombre": "Paillaco", "region": 14}, "model": "clientes.comuna", "pk": 14107}, {"fields": {"nombre": "Panguipulli ", "region": 14}, "model": "clientes.comuna", "pk": 14108}, {"fields": {"nombre": "La Uni\u00f3n ", "region": 14}, "model": "clientes.comuna", "pk": 14201}, {"fields": {"nombre": "Futrono ", "region": 14}, "model": "clientes.comuna", "pk": 14202}, {"fields": {"nombre": "Lago Ranco", "region": 14}, "model": "clientes.comuna", "pk": 14203}, {"fields": {"nombre": "R\u00edo Bueno", "region": 14}, "model": "clientes.comuna", "pk": 14204}, {"fields": {"nombre": "Arica ", "region": 15}, "model": "clientes.comuna", "pk": 15101}, {"fields": {"nombre": "Camarones", "region": 15}, "model": "clientes.comuna", "pk": 15102}, {"fields": {"nombre": "Putre", "region": 15}, "model": "clientes.comuna", "pk": 15201}, {"fields": {"nombre": "General Lagos ", "region": 15}, "model": "clientes.comuna", "pk": 15202}, {"fields": {"tipo": "Fijo"}, "model": "clientes.tipodescuento", "pk": 1}, {"fields": {"tipo": "Porcentaje"}, "model": "clientes.tipodescuento", "pk": 2}, {"fields": {"producto": 1, "monto_descuento": 1500, "tipo_descuento": 1}, "model": "clientes.descuentocliente", "pk": 2}, {"fields": {"producto": 3, "monto_descuento": 5000, "tipo_descuento": 1}, "model": "clientes.descuentocliente", "pk": 3}, {"fields": {"producto": 4, "monto_descuento": 13, "tipo_descuento": 2}, "model": "clientes.descuentocliente", "pk": 4}, {"fields": {"situacion_comercial": null, "es_lipigas": false, "credito": false, "direccion": "alvarez 1822", "dispensador": false, "giro": "Fanmoda", "observacion": "sadffadsfadsafdsasfdfads", "nombre": "Milena Olivares", "telefono": "86756453", "es_propio": true, "rut": "14639170-2"}, "model": "clientes.cliente", "pk": 1}, {"fields": {"situacion_comercial": 4, "es_lipigas": true, "credito": true, "direccion": "en alg\u00fan lugar de stgo", "dispensador": true, "giro": "D-Niss", "observacion": "mijita rica <3 psh psh psh", "nombre": "Denisse Rossental", "telefono": "768574623", "es_propio": true, "rut": "20771146-2"}, "model": "clientes.cliente", "pk": 2}, {"fields": {"nombre": "activo"}, "model": "liquidacion.estadoterminal", "pk": 1}, {"fields": {"nombre": "mantenci\u00f3n"}, "model": "liquidacion.estadoterminal", "pk": 2}, {"fields": {"nombre": "retirado"}, "model": "liquidacion.estadoterminal", "pk": 3}, {"fields": {"movil": 1, "codigo": "ytu67483", "estado": 1}, "model": "liquidacion.terminal", "pk": 1}, {"fields": {"nombre": "tarjeta cr\u00e9dito"}, "model": "liquidacion.tipotarjeta", "pk": 1}, {"fields": {"nombre": "tarjeta debito"}, "model": "liquidacion.tipotarjeta", "pk": 2}, {"fields": {"nombre": "tarjeta casa comercial"}, "model": "liquidacion.tipotarjeta", "pk": 3}, {"fields": {"nombre": "Banco Cr\u00e9dito e Inversiones BCI", "cheques_recibidos": 0}, "model": "liquidacion.banco", "pk": 1}, {"fields": {"nombre": "Banco de Chile", "cheques_recibidos": 0}, "model": "liquidacion.banco", "pk": 2}, {"fields": {"nombre": "Banco del Desarrollo", "cheques_recibidos": 0}, "model": "liquidacion.banco", "pk": 3}, {"fields": {"nombre": "Banco Estado", "cheques_recibidos": 0}, "model": "liquidacion.banco", "pk": 4}, {"fields": {"nombre": "Banco Falabella", "cheques_recibidos": 0}, "model": "liquidacion.banco", "pk": 5}, {"fields": {"nombre": "Banco Ita\u00fa", "cheques_recibidos": 0}, "model": "liquidacion.banco", "pk": 6}, {"fields": {"nombre": "Banco Internacional", "cheques_recibidos": 0}, "model": "liquidacion.banco", "pk": 7}, {"fields": {"nombre": "Banco Ripley", "cheques_recibidos": 0}, "model": "liquidacion.banco", "pk": 8}, {"fields": {"nombre": "Banco Santander Santiago", "cheques_recibidos": 0}, "model": "liquidacion.banco", "pk": 9}, {"fields": {"nombre": "Banco Security", "cheques_recibidos": 0}, "model": "liquidacion.banco", "pk": 10}, {"fields": {"nombre": "Bice", "cheques_recibidos": 0}, "model": "liquidacion.banco", "pk": 11}, {"fields": {"nombre": "Consorcio", "cheques_recibidos": 0}, "model": "liquidacion.banco", "pk": 12}, {"fields": {"nombre": "Corp Banca", "cheques_recibidos": 0}, "model": "liquidacion.banco", "pk": 13}, {"fields": {"nombre": "Rabobank", "cheques_recibidos": 0}, "model": "liquidacion.banco", "pk": 14}, {"fields": {"nombre": "Scotiabank", "cheques_recibidos": 0}, "model": "liquidacion.banco", "pk": 15}, {"fields": {"nombre": "HSBC Bank", "cheques_recibidos": 0}, "model": "liquidacion.banco", "pk": 16}, {"fields": {"nombre": "VISA", "codigo": "vi", "tipo_tarjeta": 1}, "model": "liquidacion.tarjetacredito", "pk": 1}, {"fields": {"nombre": "Mastercard", "codigo": "mc", "tipo_tarjeta": 1}, "model": "liquidacion.tarjetacredito", "pk": 2}, {"fields": {"nombre": "American Express", "codigo": "ae", "tipo_tarjeta": 1}, "model": "liquidacion.tarjetacredito", "pk": 3}, {"fields": {"nombre": "Dinners Club", "codigo": "dc", "tipo_tarjeta": 1}, "model": "liquidacion.tarjetacredito", "pk": 4}, {"fields": {"nombre": "Debito", "codigo": null, "tipo_tarjeta": 2}, "model": "liquidacion.tarjetacredito", "pk": 5}, {"fields": {"nombre": "Falabella", "codigo": null, "tipo_tarjeta": 3}, "model": "liquidacion.tarjetacredito", "pk": 6}, {"fields": {"nombre": "Ripley", "codigo": null, "tipo_tarjeta": 3}, "model": "liquidacion.tarjetacredito", "pk": 7}, {"fields": {"nombre": "Cencosud", "codigo": null, "tipo_tarjeta": 3}, "model": "liquidacion.tarjetacredito", "pk": 8}, {"fields": {"nombre": "La Polar", "codigo": null, "tipo_tarjeta": 3}, "model": "liquidacion.tarjetacredito", "pk": 9}, {"fields": {"nombre": "Tricot", "codigo": null, "tipo_tarjeta": 3}, "model": "liquidacion.tarjetacredito", "pk": 10}, {"fields": {"nombre": "Johnson", "codigo": null, "tipo_tarjeta": 3}, "model": "liquidacion.tarjetacredito", "pk": 11}, {"fields": {"nombre": "Dijon", "codigo": null, "tipo_tarjeta": 3}, "model": "liquidacion.tarjetacredito", "pk": 12}, {"fields": {"nombre": "Hites", "codigo": null, "tipo_tarjeta": 3}, "model": "liquidacion.tarjetacredito", "pk": 13}, {"fields": {"nombre": "Efectivo"}, "model": "liquidacion.tipopago", "pk": 1}, {"fields": {"nombre": "Voucher"}, "model": "liquidacion.tipopago", "pk": 2}, {"fields": {"nombre": "Cup\u00f3n prepago"}, "model": "liquidacion.tipopago", "pk": 3}, {"fields": {"nombre": "Gu\u00eda de despacho"}, "model": "liquidacion.tipopago", "pk": 4}, {"fields": {"codename": "add_logentry", "name": "Can add log entry", "content_type": 1}, "model": "auth.permission", "pk": 1}, {"fields": {"codename": "change_logentry", "name": "Can change log entry", "content_type": 1}, "model": "auth.permission", "pk": 2}, {"fields": {"codename": "delete_logentry", "name": "Can delete log entry", "content_type": 1}, "model": "auth.permission", "pk": 3}, {"fields": {"codename": "add_permission", "name": "Can add permission", "content_type": 2}, "model": "auth.permission", "pk": 4}, {"fields": {"codename": "change_permission", "name": "Can change permission", "content_type": 2}, "model": "auth.permission", "pk": 5}, {"fields": {"codename": "delete_permission", "name": "Can delete permission", "content_type": 2}, "model": "auth.permission", "pk": 6}, {"fields": {"codename": "add_group", "name": "Can add group", "content_type": 3}, "model": "auth.permission", "pk": 7}, {"fields": {"codename": "change_group", "name": "Can change group", "content_type": 3}, "model": "auth.permission", "pk": 8}, {"fields": {"codename": "delete_group", "name": "Can delete group", "content_type": 3}, "model": "auth.permission", "pk": 9}, {"fields": {"codename": "add_user", "name": "Can add user", "content_type": 4}, "model": "auth.permission", "pk": 10}, {"fields": {"codename": "change_user", "name": "Can change user", "content_type": 4}, "model": "auth.permission", "pk": 11}, {"fields": {"codename": "delete_user", "name": "Can delete user", "content_type": 4}, "model": "auth.permission", "pk": 12}, {"fields": {"codename": "add_contenttype", "name": "Can add content type", "content_type": 5}, "model": "auth.permission", "pk": 13}, {"fields": {"codename": "change_contenttype", "name": "Can change content type", "content_type": 5}, "model": "auth.permission", "pk": 14}, {"fields": {"codename": "delete_contenttype", "name": "Can delete content type", "content_type": 5}, "model": "auth.permission", "pk": 15}, {"fields": {"codename": "add_session", "name": "Can add session", "content_type": 6}, "model": "auth.permission", "pk": 16}, {"fields": {"codename": "change_session", "name": "Can change session", "content_type": 6}, "model": "auth.permission", "pk": 17}, {"fields": {"codename": "delete_session", "name": "Can delete session", "content_type": 6}, "model": "auth.permission", "pk": 18}, {"fields": {"codename": "add_afp", "name": "Can add afp", "content_type": 7}, "model": "auth.permission", "pk": 19}, {"fields": {"codename": "change_afp", "name": "Can change afp", "content_type": 7}, "model": "auth.permission", "pk": 20}, {"fields": {"codename": "delete_afp", "name": "Can delete afp", "content_type": 7}, "model": "auth.permission", "pk": 21}, {"fields": {"codename": "add_sistemasalud", "name": "Can add sistema salud", "content_type": 8}, "model": "auth.permission", "pk": 22}, {"fields": {"codename": "change_sistemasalud", "name": "Can change sistema salud", "content_type": 8}, "model": "auth.permission", "pk": 23}, {"fields": {"codename": "delete_sistemasalud", "name": "Can delete sistema salud", "content_type": 8}, "model": "auth.permission", "pk": 24}, {"fields": {"codename": "add_estadocivil", "name": "Can add estado civil", "content_type": 9}, "model": "auth.permission", "pk": 25}, {"fields": {"codename": "change_estadocivil", "name": "Can change estado civil", "content_type": 9}, "model": "auth.permission", "pk": 26}, {"fields": {"codename": "delete_estadocivil", "name": "Can delete estado civil", "content_type": 9}, "model": "auth.permission", "pk": 27}, {"fields": {"codename": "add_estadovacacion", "name": "Can add estado vacacion", "content_type": 10}, "model": "auth.permission", "pk": 28}, {"fields": {"codename": "change_estadovacacion", "name": "Can change estado vacacion", "content_type": 10}, "model": "auth.permission", "pk": 29}, {"fields": {"codename": "delete_estadovacacion", "name": "Can delete estado vacacion", "content_type": 10}, "model": "auth.permission", "pk": 30}, {"fields": {"codename": "add_trabajador", "name": "Can add trabajador", "content_type": 11}, "model": "auth.permission", "pk": 31}, {"fields": {"codename": "change_trabajador", "name": "Can change trabajador", "content_type": 11}, "model": "auth.permission", "pk": 32}, {"fields": {"codename": "delete_trabajador", "name": "Can delete trabajador", "content_type": 11}, "model": "auth.permission", "pk": 33}, {"fields": {"codename": "add_vacacion", "name": "Can add vacacion", "content_type": 12}, "model": "auth.permission", "pk": 34}, {"fields": {"codename": "change_vacacion", "name": "Can change vacacion", "content_type": 12}, "model": "auth.permission", "pk": 35}, {"fields": {"codename": "delete_vacacion", "name": "Can delete vacacion", "content_type": 12}, "model": "auth.permission", "pk": 36}, {"fields": {"codename": "add_cargafamiliar", "name": "Can add carga familiar", "content_type": 13}, "model": "auth.permission", "pk": 37}, {"fields": {"codename": "change_cargafamiliar", "name": "Can change carga familiar", "content_type": 13}, "model": "auth.permission", "pk": 38}, {"fields": {"codename": "delete_cargafamiliar", "name": "Can delete carga familiar", "content_type": 13}, "model": "auth.permission", "pk": 39}, {"fields": {"codename": "add_boletatrabajador", "name": "Can add boleta trabajador", "content_type": 14}, "model": "auth.permission", "pk": 40}, {"fields": {"codename": "change_boletatrabajador", "name": "Can change boleta trabajador", "content_type": 14}, "model": "auth.permission", "pk": 41}, {"fields": {"codename": "delete_boletatrabajador", "name": "Can delete boleta trabajador", "content_type": 14}, "model": "auth.permission", "pk": 42}, {"fields": {"codename": "add_guiatrabajador", "name": "Can add guia trabajador", "content_type": 15}, "model": "auth.permission", "pk": 43}, {"fields": {"codename": "change_guiatrabajador", "name": "Can change guia trabajador", "content_type": 15}, "model": "auth.permission", "pk": 44}, {"fields": {"codename": "delete_guiatrabajador", "name": "Can delete guia trabajador", "content_type": 15}, "model": "auth.permission", "pk": 45}, {"fields": {"codename": "add_tipoproducto", "name": "Can add tipo producto", "content_type": 16}, "model": "auth.permission", "pk": 46}, {"fields": {"codename": "change_tipoproducto", "name": "Can change tipo producto", "content_type": 16}, "model": "auth.permission", "pk": 47}, {"fields": {"codename": "delete_tipoproducto", "name": "Can delete tipo producto", "content_type": 16}, "model": "auth.permission", "pk": 48}, {"fields": {"codename": "add_producto", "name": "Can add producto", "content_type": 17}, "model": "auth.permission", "pk": 49}, {"fields": {"codename": "change_producto", "name": "Can change producto", "content_type": 17}, "model": "auth.permission", "pk": 50}, {"fields": {"codename": "delete_producto", "name": "Can delete producto", "content_type": 17}, "model": "auth.permission", "pk": 51}, {"fields": {"codename": "add_precioproducto", "name": "Can add precio producto", "content_type": 18}, "model": "auth.permission", "pk": 52}, {"fields": {"codename": "change_precioproducto", "name": "Can change precio producto", "content_type": 18}, "model": "auth.permission", "pk": 53}, {"fields": {"codename": "delete_precioproducto", "name": "Can delete precio producto", "content_type": 18}, "model": "auth.permission", "pk": 54}, {"fields": {"codename": "add_factura", "name": "Can add factura", "content_type": 19}, "model": "auth.permission", "pk": 55}, {"fields": {"codename": "change_factura", "name": "Can change factura", "content_type": 19}, "model": "auth.permission", "pk": 56}, {"fields": {"codename": "delete_factura", "name": "Can delete factura", "content_type": 19}, "model": "auth.permission", "pk": 57}, {"fields": {"codename": "add_vehiculo", "name": "Can add vehiculo", "content_type": 20}, "model": "auth.permission", "pk": 58}, {"fields": {"codename": "change_vehiculo", "name": "Can change vehiculo", "content_type": 20}, "model": "auth.permission", "pk": 59}, {"fields": {"codename": "delete_vehiculo", "name": "Can delete vehiculo", "content_type": 20}, "model": "auth.permission", "pk": 60}, {"fields": {"codename": "add_stockvehiculo", "name": "Can add stock vehiculo", "content_type": 21}, "model": "auth.permission", "pk": 61}, {"fields": {"codename": "change_stockvehiculo", "name": "Can change stock vehiculo", "content_type": 21}, "model": "auth.permission", "pk": 62}, {"fields": {"codename": "delete_stockvehiculo", "name": "Can delete stock vehiculo", "content_type": 21}, "model": "auth.permission", "pk": 63}, {"fields": {"codename": "add_trabajadorvehiculo", "name": "Can add trabajador vehiculo", "content_type": 22}, "model": "auth.permission", "pk": 64}, {"fields": {"codename": "change_trabajadorvehiculo", "name": "Can change trabajador vehiculo", "content_type": 22}, "model": "auth.permission", "pk": 65}, {"fields": {"codename": "delete_trabajadorvehiculo", "name": "Can delete trabajador vehiculo", "content_type": 22}, "model": "auth.permission", "pk": 66}, {"fields": {"codename": "add_pagovehiculo", "name": "Can add pago vehiculo", "content_type": 23}, "model": "auth.permission", "pk": 67}, {"fields": {"codename": "change_pagovehiculo", "name": "Can change pago vehiculo", "content_type": 23}, "model": "auth.permission", "pk": 68}, {"fields": {"codename": "delete_pagovehiculo", "name": "Can delete pago vehiculo", "content_type": 23}, "model": "auth.permission", "pk": 69}, {"fields": {"codename": "add_pagocuotavehiculo", "name": "Can add pago cuota vehiculo", "content_type": 24}, "model": "auth.permission", "pk": 70}, {"fields": {"codename": "change_pagocuotavehiculo", "name": "Can change pago cuota vehiculo", "content_type": 24}, "model": "auth.permission", "pk": 71}, {"fields": {"codename": "delete_pagocuotavehiculo", "name": "Can delete pago cuota vehiculo", "content_type": 24}, "model": "auth.permission", "pk": 72}, {"fields": {"codename": "add_movil", "name": "Can add movil", "content_type": 25}, "model": "auth.permission", "pk": 73}, {"fields": {"codename": "change_movil", "name": "Can change movil", "content_type": 25}, "model": "auth.permission", "pk": 74}, {"fields": {"codename": "delete_movil", "name": "Can delete movil", "content_type": 25}, "model": "auth.permission", "pk": 75}, {"fields": {"codename": "add_guiadespacho", "name": "Can add guia despacho", "content_type": 26}, "model": "auth.permission", "pk": 76}, {"fields": {"codename": "change_guiadespacho", "name": "Can change guia despacho", "content_type": 26}, "model": "auth.permission", "pk": 77}, {"fields": {"codename": "delete_guiadespacho", "name": "Can delete guia despacho", "content_type": 26}, "model": "auth.permission", "pk": 78}, {"fields": {"codename": "add_abonoguia", "name": "Can add abono guia", "content_type": 27}, "model": "auth.permission", "pk": 79}, {"fields": {"codename": "change_abonoguia", "name": "Can change abono guia", "content_type": 27}, "model": "auth.permission", "pk": 80}, {"fields": {"codename": "delete_abonoguia", "name": "Can delete abono guia", "content_type": 27}, "model": "auth.permission", "pk": 81}, {"fields": {"codename": "add_historialstock", "name": "Can add historial stock", "content_type": 28}, "model": "auth.permission", "pk": 82}, {"fields": {"codename": "change_historialstock", "name": "Can change historial stock", "content_type": 28}, "model": "auth.permission", "pk": 83}, {"fields": {"codename": "delete_historialstock", "name": "Can delete historial stock", "content_type": 28}, "model": "auth.permission", "pk": 84}, {"fields": {"codename": "add_region", "name": "Can add region", "content_type": 29}, "model": "auth.permission", "pk": 85}, {"fields": {"codename": "change_region", "name": "Can change region", "content_type": 29}, "model": "auth.permission", "pk": 86}, {"fields": {"codename": "delete_region", "name": "Can delete region", "content_type": 29}, "model": "auth.permission", "pk": 87}, {"fields": {"codename": "add_comuna", "name": "Can add comuna", "content_type": 30}, "model": "auth.permission", "pk": 88}, {"fields": {"codename": "change_comuna", "name": "Can change comuna", "content_type": 30}, "model": "auth.permission", "pk": 89}, {"fields": {"codename": "delete_comuna", "name": "Can delete comuna", "content_type": 30}, "model": "auth.permission", "pk": 90}, {"fields": {"codename": "add_tipodescuento", "name": "Can add tipo descuento", "content_type": 31}, "model": "auth.permission", "pk": 91}, {"fields": {"codename": "change_tipodescuento", "name": "Can change tipo descuento", "content_type": 31}, "model": "auth.permission", "pk": 92}, {"fields": {"codename": "delete_tipodescuento", "name": "Can delete tipo descuento", "content_type": 31}, "model": "auth.permission", "pk": 93}, {"fields": {"codename": "add_descuentocliente", "name": "Can add descuento cliente", "content_type": 32}, "model": "auth.permission", "pk": 94}, {"fields": {"codename": "change_descuentocliente", "name": "Can change descuento cliente", "content_type": 32}, "model": "auth.permission", "pk": 95}, {"fields": {"codename": "delete_descuentocliente", "name": "Can delete descuento cliente", "content_type": 32}, "model": "auth.permission", "pk": 96}, {"fields": {"codename": "add_cliente", "name": "Can add cliente", "content_type": 33}, "model": "auth.permission", "pk": 97}, {"fields": {"codename": "change_cliente", "name": "Can change cliente", "content_type": 33}, "model": "auth.permission", "pk": 98}, {"fields": {"codename": "delete_cliente", "name": "Can delete cliente", "content_type": 33}, "model": "auth.permission", "pk": 99}, {"fields": {"codename": "add_estadoterminal", "name": "Can add estado terminal", "content_type": 34}, "model": "auth.permission", "pk": 100}, {"fields": {"codename": "change_estadoterminal", "name": "Can change estado terminal", "content_type": 34}, "model": "auth.permission", "pk": 101}, {"fields": {"codename": "delete_estadoterminal", "name": "Can delete estado terminal", "content_type": 34}, "model": "auth.permission", "pk": 102}, {"fields": {"codename": "add_terminal", "name": "Can add terminal", "content_type": 35}, "model": "auth.permission", "pk": 103}, {"fields": {"codename": "change_terminal", "name": "Can change terminal", "content_type": 35}, "model": "auth.permission", "pk": 104}, {"fields": {"codename": "delete_terminal", "name": "Can delete terminal", "content_type": 35}, "model": "auth.permission", "pk": 105}, {"fields": {"codename": "add_historialestadoterminal", "name": "Can add historial estado terminal", "content_type": 36}, "model": "auth.permission", "pk": 106}, {"fields": {"codename": "change_historialestadoterminal", "name": "Can change historial estado terminal", "content_type": 36}, "model": "auth.permission", "pk": 107}, {"fields": {"codename": "delete_historialestadoterminal", "name": "Can delete historial estado terminal", "content_type": 36}, "model": "auth.permission", "pk": 108}, {"fields": {"codename": "add_tipotarjeta", "name": "Can add tipo tarjeta", "content_type": 37}, "model": "auth.permission", "pk": 109}, {"fields": {"codename": "change_tipotarjeta", "name": "Can change tipo tarjeta", "content_type": 37}, "model": "auth.permission", "pk": 110}, {"fields": {"codename": "delete_tipotarjeta", "name": "Can delete tipo tarjeta", "content_type": 37}, "model": "auth.permission", "pk": 111}, {"fields": {"codename": "add_banco", "name": "Can add banco", "content_type": 38}, "model": "auth.permission", "pk": 112}, {"fields": {"codename": "change_banco", "name": "Can change banco", "content_type": 38}, "model": "auth.permission", "pk": 113}, {"fields": {"codename": "delete_banco", "name": "Can delete banco", "content_type": 38}, "model": "auth.permission", "pk": 114}, {"fields": {"codename": "add_tarjetacredito", "name": "Can add tarjeta credito", "content_type": 39}, "model": "auth.permission", "pk": 115}, {"fields": {"codename": "change_tarjetacredito", "name": "Can change tarjeta credito", "content_type": 39}, "model": "auth.permission", "pk": 116}, {"fields": {"codename": "delete_tarjetacredito", "name": "Can delete tarjeta credito", "content_type": 39}, "model": "auth.permission", "pk": 117}, {"fields": {"codename": "add_tipopago", "name": "Can add tipo pago", "content_type": 40}, "model": "auth.permission", "pk": 118}, {"fields": {"codename": "change_tipopago", "name": "Can change tipo pago", "content_type": 40}, "model": "auth.permission", "pk": 119}, {"fields": {"codename": "delete_tipopago", "name": "Can delete tipo pago", "content_type": 40}, "model": "auth.permission", "pk": 120}, {"fields": {"codename": "add_liquidacion", "name": "Can add liquidacion", "content_type": 41}, "model": "auth.permission", "pk": 121}, {"fields": {"codename": "change_liquidacion", "name": "Can change liquidacion", "content_type": 41}, "model": "auth.permission", "pk": 122}, {"fields": {"codename": "delete_liquidacion", "name": "Can delete liquidacion", "content_type": 41}, "model": "auth.permission", "pk": 123}, {"fields": {"codename": "add_guiaventa", "name": "Can add guia venta", "content_type": 42}, "model": "auth.permission", "pk": 124}, {"fields": {"codename": "change_guiaventa", "name": "Can change guia venta", "content_type": 42}, "model": "auth.permission", "pk": 125}, {"fields": {"codename": "delete_guiaventa", "name": "Can delete guia venta", "content_type": 42}, "model": "auth.permission", "pk": 126}, {"fields": {"codename": "add_detalleguiaventa", "name": "Can add detalle guia venta", "content_type": 43}, "model": "auth.permission", "pk": 127}, {"fields": {"codename": "change_detalleguiaventa", "name": "Can change detalle guia venta", "content_type": 43}, "model": "auth.permission", "pk": 128}, {"fields": {"codename": "delete_detalleguiaventa", "name": "Can delete detalle guia venta", "content_type": 43}, "model": "auth.permission", "pk": 129}, {"fields": {"codename": "add_cheque", "name": "Can add cheque", "content_type": 44}, "model": "auth.permission", "pk": 130}, {"fields": {"codename": "change_cheque", "name": "Can change cheque", "content_type": 44}, "model": "auth.permission", "pk": 131}, {"fields": {"codename": "delete_cheque", "name": "Can delete cheque", "content_type": 44}, "model": "auth.permission", "pk": 132}, {"fields": {"codename": "add_otros", "name": "Can add otros", "content_type": 45}, "model": "auth.permission", "pk": 133}, {"fields": {"codename": "change_otros", "name": "Can change otros", "content_type": 45}, "model": "auth.permission", "pk": 134}, {"fields": {"codename": "delete_otros", "name": "Can delete otros", "content_type": 45}, "model": "auth.permission", "pk": 135}, {"fields": {"codename": "add_cuponprepago", "name": "Can add cupon prepago", "content_type": 46}, "model": "auth.permission", "pk": 136}, {"fields": {"codename": "change_cuponprepago", "name": "Can change cupon prepago", "content_type": 46}, "model": "auth.permission", "pk": 137}, {"fields": {"codename": "delete_cuponprepago", "name": "Can delete cupon prepago", "content_type": 46}, "model": "auth.permission", "pk": 138}, {"fields": {"codename": "add_voucher", "name": "Can add voucher", "content_type": 47}, "model": "auth.permission", "pk": 139}, {"fields": {"codename": "change_voucher", "name": "Can change voucher", "content_type": 47}, "model": "auth.permission", "pk": 140}, {"fields": {"codename": "delete_voucher", "name": "Can delete voucher", "content_type": 47}, "model": "auth.permission", "pk": 141}, {"fields": {"codename": "add_cuotavoucher", "name": "Can add cuota voucher", "content_type": 48}, "model": "auth.permission", "pk": 142}, {"fields": {"codename": "change_cuotavoucher", "name": "Can change cuota voucher", "content_type": 48}, "model": "auth.permission", "pk": 143}, {"fields": {"codename": "delete_cuotavoucher", "name": "Can delete cuota voucher", "content_type": 48}, "model": "auth.permission", "pk": 144}, {"fields": {"codename": "add_cierre", "name": "Can add cierre", "content_type": 49}, "model": "auth.permission", "pk": 145}, {"fields": {"codename": "change_cierre", "name": "Can change cierre", "content_type": 49}, "model": "auth.permission", "pk": 146}, {"fields": {"codename": "delete_cierre", "name": "Can delete cierre", "content_type": 49}, "model": "auth.permission", "pk": 147}, {"fields": {"codename": "add_detallecierre", "name": "Can add detalle cierre", "content_type": 50}, "model": "auth.permission", "pk": 148}, {"fields": {"codename": "change_detallecierre", "name": "Can change detalle cierre", "content_type": 50}, "model": "auth.permission", "pk": 149}, {"fields": {"codename": "delete_detallecierre", "name": "Can delete detalle cierre", "content_type": 50}, "model": "auth.permission", "pk": 150}, {"fields": {"codename": "add_historialcambiovehiculo", "name": "Can add historial cambio vehiculo", "content_type": 51}, "model": "auth.permission", "pk": 151}, {"fields": {"codename": "change_historialcambiovehiculo", "name": "Can change historial cambio vehiculo", "content_type": 51}, "model": "auth.permission", "pk": 152}, {"fields": {"codename": "delete_historialcambiovehiculo", "name": "Can delete historial cambio vehiculo", "content_type": 51}, "model": "auth.permission", "pk": 153}, {"fields": {"username": "aether", "first_name": "", "last_name": "", "is_active": true, "is_superuser": true, "is_staff": true, "last_login": "2015-01-05T19:55:08.041", "groups": [], "user_permissions": [], "password": "pbkdf2_sha256$12000$6YYZhqZA3qu0$EhDiYarpB+zcO/ZgnS8PmNYz4xs4G9nsKRSLgYf/ay0=", "email": "aether@mailinator.com", "date_joined": "2014-12-29T23:33:35.823"}, "model": "auth.user", "pk": 1}]