[{
    "fields": {
        "nombre": "Regi\u00f3n de Tarapac\u00e1",
        "orden": 1
    },
    "model": "main.region",
    "pk": 1
}, {
    "fields": {
        "nombre": "Regi\u00f3n de Antofagasta",
        "orden": 2
    },
    "model": "main.region",
    "pk": 2
}, {
    "fields": {
        "nombre": "Regi\u00f3n de Atacama",
        "orden": 3
    },
    "model": "main.region",
    "pk": 3
}, {
    "fields": {
        "nombre": "Regi\u00f3n de Coquimbo",
        "orden": 4
    },
    "model": "main.region",
    "pk": 4
}, {
    "fields": {
        "nombre": "Regi\u00f3n de Valpara\u00edso",
        "orden": 5
    },
    "model": "main.region",
    "pk": 5
}, {
    "fields": {
        "nombre": "Regi\u00f3n del Libertador Gral. Bernardo O\u2019Higgins",
        "orden": 6
    },
    "model": "main.region",
    "pk": 6
}, {
    "fields": {
        "nombre": "Regi\u00f3n del Maule",
        "orden": 7
    },
    "model": "main.region",
    "pk": 7
}, {
    "fields": {
        "nombre": "Regi\u00f3n del Biob\u00edo",
        "orden": 8
    },
    "model": "main.region",
    "pk": 8
}, {
    "fields": {
        "nombre": "Regi\u00f3n de la Araucan\u00eda",
        "orden": 9
    },
    "model": "main.region",
    "pk": 9
}, {
    "fields": {
        "nombre": "Regi\u00f3n de Los Lagos",
        "orden": 10
    },
    "model": "main.region",
    "pk": 10
}, {
    "fields": {
        "nombre": "Regi\u00f3n Ais\u00e9n del Gral. Carlos Ib\u00e1\u00f1ez del Campo",
        "orden": 11
    },
    "model": "main.region",
    "pk": 11
}, {
    "fields": {
        "nombre": "Regi\u00f3n de Magallanes y de la Ant\u00e1rtica Chilena",
        "orden": 12
    },
    "model": "main.region",
    "pk": 12
}, {
    "fields": {
        "nombre": "Regi\u00f3n Metropolitana de Santiago",
        "orden": 13
    },
    "model": "main.region",
    "pk": 13
}, {
    "fields": {
        "nombre": "Regi\u00f3n de Los R\u00edos",
        "orden": 14
    },
    "model": "main.region",
    "pk": 14
}, {
    "fields": {
        "nombre": "Regi\u00f3n de Arica y Parinacota",
        "orden": 15
    },
    "model": "main.region",
    "pk": 15
}, {
    "fields": {
        "nombre": "Iquique",
        "region": 1
    },
    "model": "main.comuna",
    "pk": 1101
}, {
    "fields": {
        "nombre": "Alto Hospicio",
        "region": 1
    },
    "model": "main.comuna",
    "pk": 1107
}, {
    "fields": {
        "nombre": "Pozo Almonte",
        "region": 1
    },
    "model": "main.comuna",
    "pk": 1401
}, {
    "fields": {
        "nombre": "Cami\u00f1a",
        "region": 1
    },
    "model": "main.comuna",
    "pk": 1402
}, {
    "fields": {
        "nombre": "Colchane",
        "region": 1
    },
    "model": "main.comuna",
    "pk": 1403
}, {
    "fields": {
        "nombre": "Huara",
        "region": 1
    },
    "model": "main.comuna",
    "pk": 1404
}, {
    "fields": {
        "nombre": "Pica",
        "region": 1
    },
    "model": "main.comuna",
    "pk": 1405
}, {
    "fields": {
        "nombre": "Antofagasta",
        "region": 2
    },
    "model": "main.comuna",
    "pk": 2101
}, {
    "fields": {
        "nombre": "Mejillones",
        "region": 2
    },
    "model": "main.comuna",
    "pk": 2102
}, {
    "fields": {
        "nombre": "Sierra Gorda",
        "region": 2
    },
    "model": "main.comuna",
    "pk": 2103
}, {
    "fields": {
        "nombre": "Taltal",
        "region": 2
    },
    "model": "main.comuna",
    "pk": 2104
}, {
    "fields": {
        "nombre": "Calama",
        "region": 2
    },
    "model": "main.comuna",
    "pk": 2201
}, {
    "fields": {
        "nombre": "Ollag\u00fce",
        "region": 2
    },
    "model": "main.comuna",
    "pk": 2202
}, {
    "fields": {
        "nombre": "San Pedro de Atacama",
        "region": 2
    },
    "model": "main.comuna",
    "pk": 2203
}, {
    "fields": {
        "nombre": "Tocopilla",
        "region": 2
    },
    "model": "main.comuna",
    "pk": 2301
}, {
    "fields": {
        "nombre": "Mar\u00eda Elena",
        "region": 2
    },
    "model": "main.comuna",
    "pk": 2302
}, {
    "fields": {
        "nombre": "Copiap\u00f3",
        "region": 3
    },
    "model": "main.comuna",
    "pk": 3101
}, {
    "fields": {
        "nombre": "Caldera",
        "region": 3
    },
    "model": "main.comuna",
    "pk": 3102
}, {
    "fields": {
        "nombre": "Tierra Amarilla",
        "region": 3
    },
    "model": "main.comuna",
    "pk": 3103
}, {
    "fields": {
        "nombre": "Cha\u00f1aral",
        "region": 3
    },
    "model": "main.comuna",
    "pk": 3201
}, {
    "fields": {
        "nombre": "Diego de Almagro",
        "region": 3
    },
    "model": "main.comuna",
    "pk": 3202
}, {
    "fields": {
        "nombre": "Vallenar",
        "region": 3
    },
    "model": "main.comuna",
    "pk": 3301
}, {
    "fields": {
        "nombre": "Alto del Carmen",
        "region": 3
    },
    "model": "main.comuna",
    "pk": 3302
}, {
    "fields": {
        "nombre": "Freirina",
        "region": 3
    },
    "model": "main.comuna",
    "pk": 3303
}, {
    "fields": {
        "nombre": "Huasco",
        "region": 3
    },
    "model": "main.comuna",
    "pk": 3304
}, {
    "fields": {
        "nombre": "La Serena",
        "region": 4
    },
    "model": "main.comuna",
    "pk": 4101
}, {
    "fields": {
        "nombre": "Coquimbo",
        "region": 4
    },
    "model": "main.comuna",
    "pk": 4102
}, {
    "fields": {
        "nombre": "Andacollo",
        "region": 4
    },
    "model": "main.comuna",
    "pk": 4103
}, {
    "fields": {
        "nombre": "La Higuera",
        "region": 4
    },
    "model": "main.comuna",
    "pk": 4104
}, {
    "fields": {
        "nombre": "Paiguano",
        "region": 4
    },
    "model": "main.comuna",
    "pk": 4105
}, {
    "fields": {
        "nombre": "Vicu\u00f1a",
        "region": 4
    },
    "model": "main.comuna",
    "pk": 4106
}, {
    "fields": {
        "nombre": "Illapel",
        "region": 4
    },
    "model": "main.comuna",
    "pk": 4201
}, {
    "fields": {
        "nombre": "Canela",
        "region": 4
    },
    "model": "main.comuna",
    "pk": 4202
}, {
    "fields": {
        "nombre": "Los Vilos",
        "region": 4
    },
    "model": "main.comuna",
    "pk": 4203
}, {
    "fields": {
        "nombre": "Salamanca",
        "region": 4
    },
    "model": "main.comuna",
    "pk": 4204
}, {
    "fields": {
        "nombre": "Ovalle",
        "region": 4
    },
    "model": "main.comuna",
    "pk": 4301
}, {
    "fields": {
        "nombre": "Combarbal\u00e1",
        "region": 4
    },
    "model": "main.comuna",
    "pk": 4302
}, {
    "fields": {
        "nombre": "Monte Patria",
        "region": 4
    },
    "model": "main.comuna",
    "pk": 4303
}, {
    "fields": {
        "nombre": "Punitaqui",
        "region": 4
    },
    "model": "main.comuna",
    "pk": 4304
}, {
    "fields": {
        "nombre": "R\u00edo Hurtado",
        "region": 4
    },
    "model": "main.comuna",
    "pk": 4305
}, {
    "fields": {
        "nombre": "Valpara\u00edso",
        "region": 5
    },
    "model": "main.comuna",
    "pk": 5101
}, {
    "fields": {
        "nombre": "Casablanca",
        "region": 5
    },
    "model": "main.comuna",
    "pk": 5102
}, {
    "fields": {
        "nombre": "Conc\u00f3n",
        "region": 5
    },
    "model": "main.comuna",
    "pk": 5103
}, {
    "fields": {
        "nombre": "Juan Fern\u00e1ndez",
        "region": 5
    },
    "model": "main.comuna",
    "pk": 5104
}, {
    "fields": {
        "nombre": "Puchuncav\u00ed",
        "region": 5
    },
    "model": "main.comuna",
    "pk": 5105
}, {
    "fields": {
        "nombre": "Quintero",
        "region": 5
    },
    "model": "main.comuna",
    "pk": 5107
}, {
    "fields": {
        "nombre": "Vi\u00f1a del Mar",
        "region": 5
    },
    "model": "main.comuna",
    "pk": 5109
}, {
    "fields": {
        "nombre": "Isla de Pascua",
        "region": 5
    },
    "model": "main.comuna",
    "pk": 5201
}, {
    "fields": {
        "nombre": "Los Andes",
        "region": 5
    },
    "model": "main.comuna",
    "pk": 5301
}, {
    "fields": {
        "nombre": "Calle Larga",
        "region": 5
    },
    "model": "main.comuna",
    "pk": 5302
}, {
    "fields": {
        "nombre": "Rinconada",
        "region": 5
    },
    "model": "main.comuna",
    "pk": 5303
}, {
    "fields": {
        "nombre": "San Esteban",
        "region": 5
    },
    "model": "main.comuna",
    "pk": 5304
}, {
    "fields": {
        "nombre": "La Ligua",
        "region": 5
    },
    "model": "main.comuna",
    "pk": 5401
}, {
    "fields": {
        "nombre": "Cabildo",
        "region": 5
    },
    "model": "main.comuna",
    "pk": 5402
}, {
    "fields": {
        "nombre": "Papudo",
        "region": 5
    },
    "model": "main.comuna",
    "pk": 5403
}, {
    "fields": {
        "nombre": "Petorca",
        "region": 5
    },
    "model": "main.comuna",
    "pk": 5404
}, {
    "fields": {
        "nombre": "Zapallar",
        "region": 5
    },
    "model": "main.comuna",
    "pk": 5405
}, {
    "fields": {
        "nombre": "Quillota",
        "region": 5
    },
    "model": "main.comuna",
    "pk": 5501
}, {
    "fields": {
        "nombre": "Calera",
        "region": 5
    },
    "model": "main.comuna",
    "pk": 5502
}, {
    "fields": {
        "nombre": "Hijuelas",
        "region": 5
    },
    "model": "main.comuna",
    "pk": 5503
}, {
    "fields": {
        "nombre": "La Cruz",
        "region": 5
    },
    "model": "main.comuna",
    "pk": 5504
}, {
    "fields": {
        "nombre": "Nogales",
        "region": 5
    },
    "model": "main.comuna",
    "pk": 5506
}, {
    "fields": {
        "nombre": "San Antonio",
        "region": 5
    },
    "model": "main.comuna",
    "pk": 5601
}, {
    "fields": {
        "nombre": "Algarrobo",
        "region": 5
    },
    "model": "main.comuna",
    "pk": 5602
}, {
    "fields": {
        "nombre": "Cartagena",
        "region": 5
    },
    "model": "main.comuna",
    "pk": 5603
}, {
    "fields": {
        "nombre": "El Quisco",
        "region": 5
    },
    "model": "main.comuna",
    "pk": 5604
}, {
    "fields": {
        "nombre": "El Tabo",
        "region": 5
    },
    "model": "main.comuna",
    "pk": 5605
}, {
    "fields": {
        "nombre": "Santo Domingo",
        "region": 5
    },
    "model": "main.comuna",
    "pk": 5606
}, {
    "fields": {
        "nombre": "San Felipe",
        "region": 5
    },
    "model": "main.comuna",
    "pk": 5701
}, {
    "fields": {
        "nombre": "Catemu",
        "region": 5
    },
    "model": "main.comuna",
    "pk": 5702
}, {
    "fields": {
        "nombre": "Llaillay",
        "region": 5
    },
    "model": "main.comuna",
    "pk": 5703
}, {
    "fields": {
        "nombre": "Panquehue",
        "region": 5
    },
    "model": "main.comuna",
    "pk": 5704
}, {
    "fields": {
        "nombre": "Putaendo",
        "region": 5
    },
    "model": "main.comuna",
    "pk": 5705
}, {
    "fields": {
        "nombre": "Santa Mar\u00eda",
        "region": 5
    },
    "model": "main.comuna",
    "pk": 5706
}, {
    "fields": {
        "nombre": "Quilpu\u00e9 ",
        "region": 5
    },
    "model": "main.comuna",
    "pk": 5801
}, {
    "fields": {
        "nombre": "Limache",
        "region": 5
    },
    "model": "main.comuna",
    "pk": 5802
}, {
    "fields": {
        "nombre": "Olmu\u00e9",
        "region": 5
    },
    "model": "main.comuna",
    "pk": 5803
}, {
    "fields": {
        "nombre": "Villa Alemana",
        "region": 5
    },
    "model": "main.comuna",
    "pk": 5804
}, {
    "fields": {
        "nombre": "Rancagua",
        "region": 6
    },
    "model": "main.comuna",
    "pk": 6101
}, {
    "fields": {
        "nombre": "Codegua",
        "region": 6
    },
    "model": "main.comuna",
    "pk": 6102
}, {
    "fields": {
        "nombre": "Coinco",
        "region": 6
    },
    "model": "main.comuna",
    "pk": 6103
}, {
    "fields": {
        "nombre": "Coltauco",
        "region": 6
    },
    "model": "main.comuna",
    "pk": 6104
}, {
    "fields": {
        "nombre": "Do\u00f1ihue",
        "region": 6
    },
    "model": "main.comuna",
    "pk": 6105
}, {
    "fields": {
        "nombre": "Graneros",
        "region": 6
    },
    "model": "main.comuna",
    "pk": 6106
}, {
    "fields": {
        "nombre": "Las Cabras",
        "region": 6
    },
    "model": "main.comuna",
    "pk": 6107
}, {
    "fields": {
        "nombre": "Machal\u00ed",
        "region": 6
    },
    "model": "main.comuna",
    "pk": 6108
}, {
    "fields": {
        "nombre": "Malloa",
        "region": 6
    },
    "model": "main.comuna",
    "pk": 6109
}, {
    "fields": {
        "nombre": "Mostazal",
        "region": 6
    },
    "model": "main.comuna",
    "pk": 6110
}, {
    "fields": {
        "nombre": "Olivar",
        "region": 6
    },
    "model": "main.comuna",
    "pk": 6111
}, {
    "fields": {
        "nombre": "Peumo",
        "region": 6
    },
    "model": "main.comuna",
    "pk": 6112
}, {
    "fields": {
        "nombre": "Pichidegua",
        "region": 6
    },
    "model": "main.comuna",
    "pk": 6113
}, {
    "fields": {
        "nombre": "Quinta de Tilcoco",
        "region": 6
    },
    "model": "main.comuna",
    "pk": 6114
}, {
    "fields": {
        "nombre": "Rengo",
        "region": 6
    },
    "model": "main.comuna",
    "pk": 6115
}, {
    "fields": {
        "nombre": "Requ\u00ednoa",
        "region": 6
    },
    "model": "main.comuna",
    "pk": 6116
}, {
    "fields": {
        "nombre": "San Vicente",
        "region": 6
    },
    "model": "main.comuna",
    "pk": 6117
}, {
    "fields": {
        "nombre": "Pichilemu",
        "region": 6
    },
    "model": "main.comuna",
    "pk": 6201
}, {
    "fields": {
        "nombre": "La Estrella",
        "region": 6
    },
    "model": "main.comuna",
    "pk": 6202
}, {
    "fields": {
        "nombre": "Litueche",
        "region": 6
    },
    "model": "main.comuna",
    "pk": 6203
}, {
    "fields": {
        "nombre": "Marchihue",
        "region": 6
    },
    "model": "main.comuna",
    "pk": 6204
}, {
    "fields": {
        "nombre": "Navidad",
        "region": 6
    },
    "model": "main.comuna",
    "pk": 6205
}, {
    "fields": {
        "nombre": "Paredones",
        "region": 6
    },
    "model": "main.comuna",
    "pk": 6206
}, {
    "fields": {
        "nombre": "San Fernando",
        "region": 6
    },
    "model": "main.comuna",
    "pk": 6301
}, {
    "fields": {
        "nombre": "Ch\u00e9pica",
        "region": 6
    },
    "model": "main.comuna",
    "pk": 6302
}, {
    "fields": {
        "nombre": "Chimbarongo",
        "region": 6
    },
    "model": "main.comuna",
    "pk": 6303
}, {
    "fields": {
        "nombre": "Lolol",
        "region": 6
    },
    "model": "main.comuna",
    "pk": 6304
}, {
    "fields": {
        "nombre": "Nancagua",
        "region": 6
    },
    "model": "main.comuna",
    "pk": 6305
}, {
    "fields": {
        "nombre": "Palmilla",
        "region": 6
    },
    "model": "main.comuna",
    "pk": 6306
}, {
    "fields": {
        "nombre": "Peralillo",
        "region": 6
    },
    "model": "main.comuna",
    "pk": 6307
}, {
    "fields": {
        "nombre": "Placilla",
        "region": 6
    },
    "model": "main.comuna",
    "pk": 6308
}, {
    "fields": {
        "nombre": "Pumanque",
        "region": 6
    },
    "model": "main.comuna",
    "pk": 6309
}, {
    "fields": {
        "nombre": "Santa Cruz",
        "region": 6
    },
    "model": "main.comuna",
    "pk": 6310
}, {
    "fields": {
        "nombre": "Talca",
        "region": 7
    },
    "model": "main.comuna",
    "pk": 7101
}, {
    "fields": {
        "nombre": "Constituci\u00f3n",
        "region": 7
    },
    "model": "main.comuna",
    "pk": 7102
}, {
    "fields": {
        "nombre": "Curepto",
        "region": 7
    },
    "model": "main.comuna",
    "pk": 7103
}, {
    "fields": {
        "nombre": "Empedrado",
        "region": 7
    },
    "model": "main.comuna",
    "pk": 7104
}, {
    "fields": {
        "nombre": "Maule",
        "region": 7
    },
    "model": "main.comuna",
    "pk": 7105
}, {
    "fields": {
        "nombre": "Pelarco",
        "region": 7
    },
    "model": "main.comuna",
    "pk": 7106
}, {
    "fields": {
        "nombre": "Pencahue",
        "region": 7
    },
    "model": "main.comuna",
    "pk": 7107
}, {
    "fields": {
        "nombre": "R\u00edo Claro",
        "region": 7
    },
    "model": "main.comuna",
    "pk": 7108
}, {
    "fields": {
        "nombre": "San Clemente",
        "region": 7
    },
    "model": "main.comuna",
    "pk": 7109
}, {
    "fields": {
        "nombre": "San Rafael",
        "region": 7
    },
    "model": "main.comuna",
    "pk": 7110
}, {
    "fields": {
        "nombre": "Cauquenes",
        "region": 7
    },
    "model": "main.comuna",
    "pk": 7201
}, {
    "fields": {
        "nombre": "Chanco",
        "region": 7
    },
    "model": "main.comuna",
    "pk": 7202
}, {
    "fields": {
        "nombre": "Pelluhue",
        "region": 7
    },
    "model": "main.comuna",
    "pk": 7203
}, {
    "fields": {
        "nombre": "Curic\u00f3",
        "region": 7
    },
    "model": "main.comuna",
    "pk": 7301
}, {
    "fields": {
        "nombre": "Huala\u00f1\u00e9",
        "region": 7
    },
    "model": "main.comuna",
    "pk": 7302
}, {
    "fields": {
        "nombre": "Licant\u00e9n",
        "region": 7
    },
    "model": "main.comuna",
    "pk": 7303
}, {
    "fields": {
        "nombre": "Molina",
        "region": 7
    },
    "model": "main.comuna",
    "pk": 7304
}, {
    "fields": {
        "nombre": "Rauco",
        "region": 7
    },
    "model": "main.comuna",
    "pk": 7305
}, {
    "fields": {
        "nombre": "Romeral",
        "region": 7
    },
    "model": "main.comuna",
    "pk": 7306
}, {
    "fields": {
        "nombre": "Sagrada Familia",
        "region": 7
    },
    "model": "main.comuna",
    "pk": 7307
}, {
    "fields": {
        "nombre": "Teno",
        "region": 7
    },
    "model": "main.comuna",
    "pk": 7308
}, {
    "fields": {
        "nombre": "Vichuqu\u00e9n",
        "region": 7
    },
    "model": "main.comuna",
    "pk": 7309
}, {
    "fields": {
        "nombre": "Linares",
        "region": 7
    },
    "model": "main.comuna",
    "pk": 7401
}, {
    "fields": {
        "nombre": "Colb\u00fan",
        "region": 7
    },
    "model": "main.comuna",
    "pk": 7402
}, {
    "fields": {
        "nombre": "Longav\u00ed",
        "region": 7
    },
    "model": "main.comuna",
    "pk": 7403
}, {
    "fields": {
        "nombre": "Parral",
        "region": 7
    },
    "model": "main.comuna",
    "pk": 7404
}, {
    "fields": {
        "nombre": "Retiro",
        "region": 7
    },
    "model": "main.comuna",
    "pk": 7405
}, {
    "fields": {
        "nombre": "San Javier",
        "region": 7
    },
    "model": "main.comuna",
    "pk": 7406
}, {
    "fields": {
        "nombre": "Villa Alegre",
        "region": 7
    },
    "model": "main.comuna",
    "pk": 7407
}, {
    "fields": {
        "nombre": "Yerbas Buenas",
        "region": 7
    },
    "model": "main.comuna",
    "pk": 7408
}, {
    "fields": {
        "nombre": "Concepci\u00f3n",
        "region": 8
    },
    "model": "main.comuna",
    "pk": 8101
}, {
    "fields": {
        "nombre": "Coronel",
        "region": 8
    },
    "model": "main.comuna",
    "pk": 8102
}, {
    "fields": {
        "nombre": "Chiguayante",
        "region": 8
    },
    "model": "main.comuna",
    "pk": 8103
}, {
    "fields": {
        "nombre": "Florida",
        "region": 8
    },
    "model": "main.comuna",
    "pk": 8104
}, {
    "fields": {
        "nombre": "Hualqui",
        "region": 8
    },
    "model": "main.comuna",
    "pk": 8105
}, {
    "fields": {
        "nombre": "Lota",
        "region": 8
    },
    "model": "main.comuna",
    "pk": 8106
}, {
    "fields": {
        "nombre": "Penco",
        "region": 8
    },
    "model": "main.comuna",
    "pk": 8107
}, {
    "fields": {
        "nombre": "San Pedro de la Paz",
        "region": 8
    },
    "model": "main.comuna",
    "pk": 8108
}, {
    "fields": {
        "nombre": "Santa Juana",
        "region": 8
    },
    "model": "main.comuna",
    "pk": 8109
}, {
    "fields": {
        "nombre": "Talcahuano",
        "region": 8
    },
    "model": "main.comuna",
    "pk": 8110
}, {
    "fields": {
        "nombre": "Tom\u00e9",
        "region": 8
    },
    "model": "main.comuna",
    "pk": 8111
}, {
    "fields": {
        "nombre": "Hualp\u00e9n",
        "region": 8
    },
    "model": "main.comuna",
    "pk": 8112
}, {
    "fields": {
        "nombre": "Lebu",
        "region": 8
    },
    "model": "main.comuna",
    "pk": 8201
}, {
    "fields": {
        "nombre": "Arauco",
        "region": 8
    },
    "model": "main.comuna",
    "pk": 8202
}, {
    "fields": {
        "nombre": "Ca\u00f1ete",
        "region": 8
    },
    "model": "main.comuna",
    "pk": 8203
}, {
    "fields": {
        "nombre": "Contulmo",
        "region": 8
    },
    "model": "main.comuna",
    "pk": 8204
}, {
    "fields": {
        "nombre": "Curanilahue",
        "region": 8
    },
    "model": "main.comuna",
    "pk": 8205
}, {
    "fields": {
        "nombre": "Los \u00c1lamos",
        "region": 8
    },
    "model": "main.comuna",
    "pk": 8206
}, {
    "fields": {
        "nombre": "Tir\u00faa",
        "region": 8
    },
    "model": "main.comuna",
    "pk": 8207
}, {
    "fields": {
        "nombre": "Los \u00c1ngeles",
        "region": 8
    },
    "model": "main.comuna",
    "pk": 8301
}, {
    "fields": {
        "nombre": "Antuco",
        "region": 8
    },
    "model": "main.comuna",
    "pk": 8302
}, {
    "fields": {
        "nombre": "Cabrero",
        "region": 8
    },
    "model": "main.comuna",
    "pk": 8303
}, {
    "fields": {
        "nombre": "Laja",
        "region": 8
    },
    "model": "main.comuna",
    "pk": 8304
}, {
    "fields": {
        "nombre": "Mulch\u00e9n",
        "region": 8
    },
    "model": "main.comuna",
    "pk": 8305
}, {
    "fields": {
        "nombre": "Nacimiento",
        "region": 8
    },
    "model": "main.comuna",
    "pk": 8306
}, {
    "fields": {
        "nombre": "Negrete",
        "region": 8
    },
    "model": "main.comuna",
    "pk": 8307
}, {
    "fields": {
        "nombre": "Quilaco",
        "region": 8
    },
    "model": "main.comuna",
    "pk": 8308
}, {
    "fields": {
        "nombre": "Quilleco",
        "region": 8
    },
    "model": "main.comuna",
    "pk": 8309
}, {
    "fields": {
        "nombre": "San Rosendo",
        "region": 8
    },
    "model": "main.comuna",
    "pk": 8310
}, {
    "fields": {
        "nombre": "Santa B\u00e1rbara",
        "region": 8
    },
    "model": "main.comuna",
    "pk": 8311
}, {
    "fields": {
        "nombre": "Tucapel",
        "region": 8
    },
    "model": "main.comuna",
    "pk": 8312
}, {
    "fields": {
        "nombre": "Yumbel",
        "region": 8
    },
    "model": "main.comuna",
    "pk": 8313
}, {
    "fields": {
        "nombre": "Alto Biob\u00edo",
        "region": 8
    },
    "model": "main.comuna",
    "pk": 8314
}, {
    "fields": {
        "nombre": "Chill\u00e1n",
        "region": 8
    },
    "model": "main.comuna",
    "pk": 8401
}, {
    "fields": {
        "nombre": "Bulnes",
        "region": 8
    },
    "model": "main.comuna",
    "pk": 8402
}, {
    "fields": {
        "nombre": "Cobquecura",
        "region": 8
    },
    "model": "main.comuna",
    "pk": 8403
}, {
    "fields": {
        "nombre": "Coelemu",
        "region": 8
    },
    "model": "main.comuna",
    "pk": 8404
}, {
    "fields": {
        "nombre": "Coihueco",
        "region": 8
    },
    "model": "main.comuna",
    "pk": 8405
}, {
    "fields": {
        "nombre": "Chill\u00e1n Viejo",
        "region": 8
    },
    "model": "main.comuna",
    "pk": 8406
}, {
    "fields": {
        "nombre": "El Carmen",
        "region": 8
    },
    "model": "main.comuna",
    "pk": 8407
}, {
    "fields": {
        "nombre": "Ninhue",
        "region": 8
    },
    "model": "main.comuna",
    "pk": 8408
}, {
    "fields": {
        "nombre": "\u00d1iqu\u00e9n",
        "region": 8
    },
    "model": "main.comuna",
    "pk": 8409
}, {
    "fields": {
        "nombre": "Pemuco",
        "region": 8
    },
    "model": "main.comuna",
    "pk": 8410
}, {
    "fields": {
        "nombre": "PINTO",
        "region": 8
    },
    "model": "main.comuna",
    "pk": 8411
}, {
    "fields": {
        "nombre": "Portezuelo",
        "region": 8
    },
    "model": "main.comuna",
    "pk": 8412
}, {
    "fields": {
        "nombre": "Quill\u00f3n",
        "region": 8
    },
    "model": "main.comuna",
    "pk": 8413
}, {
    "fields": {
        "nombre": "Quirihue",
        "region": 8
    },
    "model": "main.comuna",
    "pk": 8414
}, {
    "fields": {
        "nombre": "R\u00e1nquil",
        "region": 8
    },
    "model": "main.comuna",
    "pk": 8415
}, {
    "fields": {
        "nombre": "San Carlos",
        "region": 8
    },
    "model": "main.comuna",
    "pk": 8416
}, {
    "fields": {
        "nombre": "San Fabi\u00e1n",
        "region": 8
    },
    "model": "main.comuna",
    "pk": 8417
}, {
    "fields": {
        "nombre": "San Ignacio",
        "region": 8
    },
    "model": "main.comuna",
    "pk": 8418
}, {
    "fields": {
        "nombre": "San Nicol\u00e1s",
        "region": 8
    },
    "model": "main.comuna",
    "pk": 8419
}, {
    "fields": {
        "nombre": "Treguaco",
        "region": 8
    },
    "model": "main.comuna",
    "pk": 8420
}, {
    "fields": {
        "nombre": "Yungay",
        "region": 8
    },
    "model": "main.comuna",
    "pk": 8421
}, {
    "fields": {
        "nombre": "Temuco",
        "region": 9
    },
    "model": "main.comuna",
    "pk": 9101
}, {
    "fields": {
        "nombre": "Carahue",
        "region": 9
    },
    "model": "main.comuna",
    "pk": 9102
}, {
    "fields": {
        "nombre": "Cunco",
        "region": 9
    },
    "model": "main.comuna",
    "pk": 9103
}, {
    "fields": {
        "nombre": "Curarrehue",
        "region": 9
    },
    "model": "main.comuna",
    "pk": 9104
}, {
    "fields": {
        "nombre": "Freire",
        "region": 9
    },
    "model": "main.comuna",
    "pk": 9105
}, {
    "fields": {
        "nombre": "Galvarino",
        "region": 9
    },
    "model": "main.comuna",
    "pk": 9106
}, {
    "fields": {
        "nombre": "Gorbea",
        "region": 9
    },
    "model": "main.comuna",
    "pk": 9107
}, {
    "fields": {
        "nombre": "Lautaro",
        "region": 9
    },
    "model": "main.comuna",
    "pk": 9108
}, {
    "fields": {
        "nombre": "Loncoche",
        "region": 9
    },
    "model": "main.comuna",
    "pk": 9109
}, {
    "fields": {
        "nombre": "Melipeuco",
        "region": 9
    },
    "model": "main.comuna",
    "pk": 9110
}, {
    "fields": {
        "nombre": "Nueva Imperial",
        "region": 9
    },
    "model": "main.comuna",
    "pk": 9111
}, {
    "fields": {
        "nombre": "Padre las Casas",
        "region": 9
    },
    "model": "main.comuna",
    "pk": 9112
}, {
    "fields": {
        "nombre": "Perquenco",
        "region": 9
    },
    "model": "main.comuna",
    "pk": 9113
}, {
    "fields": {
        "nombre": "Pitrufqu\u00e9n",
        "region": 9
    },
    "model": "main.comuna",
    "pk": 9114
}, {
    "fields": {
        "nombre": "Puc\u00f3n",
        "region": 9
    },
    "model": "main.comuna",
    "pk": 9115
}, {
    "fields": {
        "nombre": "Saavedra",
        "region": 9
    },
    "model": "main.comuna",
    "pk": 9116
}, {
    "fields": {
        "nombre": "Teodoro Schmidt",
        "region": 9
    },
    "model": "main.comuna",
    "pk": 9117
}, {
    "fields": {
        "nombre": "Tolt\u00e9n",
        "region": 9
    },
    "model": "main.comuna",
    "pk": 9118
}, {
    "fields": {
        "nombre": "Vilc\u00fan",
        "region": 9
    },
    "model": "main.comuna",
    "pk": 9119
}, {
    "fields": {
        "nombre": "Villarrica",
        "region": 9
    },
    "model": "main.comuna",
    "pk": 9120
}, {
    "fields": {
        "nombre": "Cholchol",
        "region": 9
    },
    "model": "main.comuna",
    "pk": 9121
}, {
    "fields": {
        "nombre": "Angol",
        "region": 9
    },
    "model": "main.comuna",
    "pk": 9201
}, {
    "fields": {
        "nombre": "Collipulli",
        "region": 9
    },
    "model": "main.comuna",
    "pk": 9202
}, {
    "fields": {
        "nombre": "Curacaut\u00edn",
        "region": 9
    },
    "model": "main.comuna",
    "pk": 9203
}, {
    "fields": {
        "nombre": "Ercilla",
        "region": 9
    },
    "model": "main.comuna",
    "pk": 9204
}, {
    "fields": {
        "nombre": "Lonquimay",
        "region": 9
    },
    "model": "main.comuna",
    "pk": 9205
}, {
    "fields": {
        "nombre": "Los Sauces",
        "region": 9
    },
    "model": "main.comuna",
    "pk": 9206
}, {
    "fields": {
        "nombre": "Lumaco",
        "region": 9
    },
    "model": "main.comuna",
    "pk": 9207
}, {
    "fields": {
        "nombre": "Pur\u00e9n",
        "region": 9
    },
    "model": "main.comuna",
    "pk": 9208
}, {
    "fields": {
        "nombre": "Renaico",
        "region": 9
    },
    "model": "main.comuna",
    "pk": 9209
}, {
    "fields": {
        "nombre": "Traigu\u00e9n",
        "region": 9
    },
    "model": "main.comuna",
    "pk": 9210
}, {
    "fields": {
        "nombre": "Victoria",
        "region": 9
    },
    "model": "main.comuna",
    "pk": 9211
}, {
    "fields": {
        "nombre": "Puerto Montt",
        "region": 10
    },
    "model": "main.comuna",
    "pk": 10101
}, {
    "fields": {
        "nombre": "Calbuco",
        "region": 10
    },
    "model": "main.comuna",
    "pk": 10102
}, {
    "fields": {
        "nombre": "Cocham\u00f3",
        "region": 10
    },
    "model": "main.comuna",
    "pk": 10103
}, {
    "fields": {
        "nombre": "Fresia",
        "region": 10
    },
    "model": "main.comuna",
    "pk": 10104
}, {
    "fields": {
        "nombre": "Frutillar",
        "region": 10
    },
    "model": "main.comuna",
    "pk": 10105
}, {
    "fields": {
        "nombre": "Los Muermos",
        "region": 10
    },
    "model": "main.comuna",
    "pk": 10106
}, {
    "fields": {
        "nombre": "Llanquihue",
        "region": 10
    },
    "model": "main.comuna",
    "pk": 10107
}, {
    "fields": {
        "nombre": "Maull\u00edn",
        "region": 10
    },
    "model": "main.comuna",
    "pk": 10108
}, {
    "fields": {
        "nombre": "Puerto Varas",
        "region": 10
    },
    "model": "main.comuna",
    "pk": 10109
}, {
    "fields": {
        "nombre": "Castro",
        "region": 10
    },
    "model": "main.comuna",
    "pk": 10201
}, {
    "fields": {
        "nombre": "Ancud",
        "region": 10
    },
    "model": "main.comuna",
    "pk": 10202
}, {
    "fields": {
        "nombre": "Chonchi",
        "region": 10
    },
    "model": "main.comuna",
    "pk": 10203
}, {
    "fields": {
        "nombre": "Curaco de V\u00e9lez",
        "region": 10
    },
    "model": "main.comuna",
    "pk": 10204
}, {
    "fields": {
        "nombre": "Dalcahue",
        "region": 10
    },
    "model": "main.comuna",
    "pk": 10205
}, {
    "fields": {
        "nombre": "Puqueld\u00f3n",
        "region": 10
    },
    "model": "main.comuna",
    "pk": 10206
}, {
    "fields": {
        "nombre": "Queil\u00e9n",
        "region": 10
    },
    "model": "main.comuna",
    "pk": 10207
}, {
    "fields": {
        "nombre": "Quell\u00f3n",
        "region": 10
    },
    "model": "main.comuna",
    "pk": 10208
}, {
    "fields": {
        "nombre": "Quemchi",
        "region": 10
    },
    "model": "main.comuna",
    "pk": 10209
}, {
    "fields": {
        "nombre": "Quinchao",
        "region": 10
    },
    "model": "main.comuna",
    "pk": 10210
}, {
    "fields": {
        "nombre": "Osorno",
        "region": 10
    },
    "model": "main.comuna",
    "pk": 10301
}, {
    "fields": {
        "nombre": "Puerto Octay",
        "region": 10
    },
    "model": "main.comuna",
    "pk": 10302
}, {
    "fields": {
        "nombre": "Purranque",
        "region": 10
    },
    "model": "main.comuna",
    "pk": 10303
}, {
    "fields": {
        "nombre": "Puyehue",
        "region": 10
    },
    "model": "main.comuna",
    "pk": 10304
}, {
    "fields": {
        "nombre": "R\u00edo Negro",
        "region": 10
    },
    "model": "main.comuna",
    "pk": 10305
}, {
    "fields": {
        "nombre": "San Juan de la Costa",
        "region": 10
    },
    "model": "main.comuna",
    "pk": 10306
}, {
    "fields": {
        "nombre": "San Pablo",
        "region": 10
    },
    "model": "main.comuna",
    "pk": 10307
}, {
    "fields": {
        "nombre": "Chait\u00e9n",
        "region": 10
    },
    "model": "main.comuna",
    "pk": 10401
}, {
    "fields": {
        "nombre": "Futaleuf\u00fa",
        "region": 10
    },
    "model": "main.comuna",
    "pk": 10402
}, {
    "fields": {
        "nombre": "Hualaihu\u00e9",
        "region": 10
    },
    "model": "main.comuna",
    "pk": 10403
}, {
    "fields": {
        "nombre": "Palena",
        "region": 10
    },
    "model": "main.comuna",
    "pk": 10404
}, {
    "fields": {
        "nombre": "Coihaique",
        "region": 11
    },
    "model": "main.comuna",
    "pk": 11101
}, {
    "fields": {
        "nombre": "Lago Verde",
        "region": 11
    },
    "model": "main.comuna",
    "pk": 11102
}, {
    "fields": {
        "nombre": "Ais\u00e9n",
        "region": 11
    },
    "model": "main.comuna",
    "pk": 11201
}, {
    "fields": {
        "nombre": "Cisnes",
        "region": 11
    },
    "model": "main.comuna",
    "pk": 11202
}, {
    "fields": {
        "nombre": "Guaitecas",
        "region": 11
    },
    "model": "main.comuna",
    "pk": 11203
}, {
    "fields": {
        "nombre": "Cochrane",
        "region": 11
    },
    "model": "main.comuna",
    "pk": 11301
}, {
    "fields": {
        "nombre": "O\u2019Higgins",
        "region": 11
    },
    "model": "main.comuna",
    "pk": 11302
}, {
    "fields": {
        "nombre": "Tortel",
        "region": 11
    },
    "model": "main.comuna",
    "pk": 11303
}, {
    "fields": {
        "nombre": "Chile Chico",
        "region": 11
    },
    "model": "main.comuna",
    "pk": 11401
}, {
    "fields": {
        "nombre": "R\u00edo Ib\u00e1\u00f1ez",
        "region": 11
    },
    "model": "main.comuna",
    "pk": 11402
}, {
    "fields": {
        "nombre": "Punta Arenas",
        "region": 12
    },
    "model": "main.comuna",
    "pk": 12101
}, {
    "fields": {
        "nombre": "Laguna Blanca",
        "region": 12
    },
    "model": "main.comuna",
    "pk": 12102
}, {
    "fields": {
        "nombre": "R\u00edo Verde",
        "region": 12
    },
    "model": "main.comuna",
    "pk": 12103
}, {
    "fields": {
        "nombre": "San Gregorio",
        "region": 12
    },
    "model": "main.comuna",
    "pk": 12104
}, {
    "fields": {
        "nombre": "Cabo de Hornos(Ex Navarino)",
        "region": 12
    },
    "model": "main.comuna",
    "pk": 12201
}, {
    "fields": {
        "nombre": "Ant\u00e1rtica",
        "region": 12
    },
    "model": "main.comuna",
    "pk": 12202
}, {
    "fields": {
        "nombre": "Porvenir",
        "region": 12
    },
    "model": "main.comuna",
    "pk": 12301
}, {
    "fields": {
        "nombre": "Primavera",
        "region": 12
    },
    "model": "main.comuna",
    "pk": 12302
}, {
    "fields": {
        "nombre": "Timaukel",
        "region": 12
    },
    "model": "main.comuna",
    "pk": 12303
}, {
    "fields": {
        "nombre": "Natales",
        "region": 12
    },
    "model": "main.comuna",
    "pk": 12401
}, {
    "fields": {
        "nombre": "Torres del Paine",
        "region": 12
    },
    "model": "main.comuna",
    "pk": 12402
}, {
    "fields": {
        "nombre": "Santiago",
        "region": 13
    },
    "model": "main.comuna",
    "pk": 13101
}, {
    "fields": {
        "nombre": "Cerrillos",
        "region": 13
    },
    "model": "main.comuna",
    "pk": 13102
}, {
    "fields": {
        "nombre": "Cerro Navia",
        "region": 13
    },
    "model": "main.comuna",
    "pk": 13103
}, {
    "fields": {
        "nombre": "Conchal\u00ed",
        "region": 13
    },
    "model": "main.comuna",
    "pk": 13104
}, {
    "fields": {
        "nombre": "El Bosque",
        "region": 13
    },
    "model": "main.comuna",
    "pk": 13105
}, {
    "fields": {
        "nombre": "Estaci\u00f3n Central",
        "region": 13
    },
    "model": "main.comuna",
    "pk": 13106
}, {
    "fields": {
        "nombre": "Huechuraba",
        "region": 13
    },
    "model": "main.comuna",
    "pk": 13107
}, {
    "fields": {
        "nombre": "Independencia",
        "region": 13
    },
    "model": "main.comuna",
    "pk": 13108
}, {
    "fields": {
        "nombre": "La Cisterna",
        "region": 13
    },
    "model": "main.comuna",
    "pk": 13109
}, {
    "fields": {
        "nombre": "La Florida",
        "region": 13
    },
    "model": "main.comuna",
    "pk": 13110
}, {
    "fields": {
        "nombre": "La Granja",
        "region": 13
    },
    "model": "main.comuna",
    "pk": 13111
}, {
    "fields": {
        "nombre": "La Pintana",
        "region": 13
    },
    "model": "main.comuna",
    "pk": 13112
}, {
    "fields": {
        "nombre": "La Reina",
        "region": 13
    },
    "model": "main.comuna",
    "pk": 13113
}, {
    "fields": {
        "nombre": "Las Condes",
        "region": 13
    },
    "model": "main.comuna",
    "pk": 13114
}, {
    "fields": {
        "nombre": "Lo Barnechea",
        "region": 13
    },
    "model": "main.comuna",
    "pk": 13115
}, {
    "fields": {
        "nombre": "Lo Espejo",
        "region": 13
    },
    "model": "main.comuna",
    "pk": 13116
}, {
    "fields": {
        "nombre": "Lo Prado",
        "region": 13
    },
    "model": "main.comuna",
    "pk": 13117
}, {
    "fields": {
        "nombre": "Macul",
        "region": 13
    },
    "model": "main.comuna",
    "pk": 13118
}, {
    "fields": {
        "nombre": "Maip\u00fa",
        "region": 13
    },
    "model": "main.comuna",
    "pk": 13119
}, {
    "fields": {
        "nombre": "\u00d1u\u00f1oa",
        "region": 13
    },
    "model": "main.comuna",
    "pk": 13120
}, {
    "fields": {
        "nombre": "Pedro Aguirre Cerda",
        "region": 13
    },
    "model": "main.comuna",
    "pk": 13121
}, {
    "fields": {
        "nombre": "Pe\u00f1alol\u00e9n",
        "region": 13
    },
    "model": "main.comuna",
    "pk": 13122
}, {
    "fields": {
        "nombre": "Providencia",
        "region": 13
    },
    "model": "main.comuna",
    "pk": 13123
}, {
    "fields": {
        "nombre": "Pudahuel",
        "region": 13
    },
    "model": "main.comuna",
    "pk": 13124
}, {
    "fields": {
        "nombre": "Quilicura",
        "region": 13
    },
    "model": "main.comuna",
    "pk": 13125
}, {
    "fields": {
        "nombre": "Quinta Normal",
        "region": 13
    },
    "model": "main.comuna",
    "pk": 13126
}, {
    "fields": {
        "nombre": "Recoleta",
        "region": 13
    },
    "model": "main.comuna",
    "pk": 13127
}, {
    "fields": {
        "nombre": "Renca",
        "region": 13
    },
    "model": "main.comuna",
    "pk": 13128
}, {
    "fields": {
        "nombre": "San Joaqu\u00edn",
        "region": 13
    },
    "model": "main.comuna",
    "pk": 13129
}, {
    "fields": {
        "nombre": "San Miguel",
        "region": 13
    },
    "model": "main.comuna",
    "pk": 13130
}, {
    "fields": {
        "nombre": "San Ram\u00f3n",
        "region": 13
    },
    "model": "main.comuna",
    "pk": 13131
}, {
    "fields": {
        "nombre": "Vitacura",
        "region": 13
    },
    "model": "main.comuna",
    "pk": 13132
}, {
    "fields": {
        "nombre": "Puente Alto",
        "region": 13
    },
    "model": "main.comuna",
    "pk": 13201
}, {
    "fields": {
        "nombre": "Pirque",
        "region": 13
    },
    "model": "main.comuna",
    "pk": 13202
}, {
    "fields": {
        "nombre": "San Jos\u00e9 de Maipo",
        "region": 13
    },
    "model": "main.comuna",
    "pk": 13203
}, {
    "fields": {
        "nombre": "Colina",
        "region": 13
    },
    "model": "main.comuna",
    "pk": 13301
}, {
    "fields": {
        "nombre": "Lampa",
        "region": 13
    },
    "model": "main.comuna",
    "pk": 13302
}, {
    "fields": {
        "nombre": "Tiltil",
        "region": 13
    },
    "model": "main.comuna",
    "pk": 13303
}, {
    "fields": {
        "nombre": "San Bernardo",
        "region": 13
    },
    "model": "main.comuna",
    "pk": 13401
}, {
    "fields": {
        "nombre": "Buin",
        "region": 13
    },
    "model": "main.comuna",
    "pk": 13402
}, {
    "fields": {
        "nombre": "Calera de Tango",
        "region": 13
    },
    "model": "main.comuna",
    "pk": 13403
}, {
    "fields": {
        "nombre": "Paine",
        "region": 13
    },
    "model": "main.comuna",
    "pk": 13404
}, {
    "fields": {
        "nombre": "Melipilla",
        "region": 13
    },
    "model": "main.comuna",
    "pk": 13501
}, {
    "fields": {
        "nombre": "Alhu\u00e9",
        "region": 13
    },
    "model": "main.comuna",
    "pk": 13502
}, {
    "fields": {
        "nombre": "Curacav\u00ed",
        "region": 13
    },
    "model": "main.comuna",
    "pk": 13503
}, {
    "fields": {
        "nombre": "Mar\u00eda PINTO",
        "region": 13
    },
    "model": "main.comuna",
    "pk": 13504
}, {
    "fields": {
        "nombre": "San Pedro",
        "region": 13
    },
    "model": "main.comuna",
    "pk": 13505
}, {
    "fields": {
        "nombre": "Talagante",
        "region": 13
    },
    "model": "main.comuna",
    "pk": 13601
}, {
    "fields": {
        "nombre": "El Monte",
        "region": 13
    },
    "model": "main.comuna",
    "pk": 13602
}, {
    "fields": {
        "nombre": "Isla de Maipo",
        "region": 13
    },
    "model": "main.comuna",
    "pk": 13603
}, {
    "fields": {
        "nombre": "Padre Hurtado",
        "region": 13
    },
    "model": "main.comuna",
    "pk": 13604
}, {
    "fields": {
        "nombre": "Pe\u00f1aflor",
        "region": 13
    },
    "model": "main.comuna",
    "pk": 13605
}, {
    "fields": {
        "nombre": "Valdivia ",
        "region": 14
    },
    "model": "main.comuna",
    "pk": 14101
}, {
    "fields": {
        "nombre": "Corral ",
        "region": 14
    },
    "model": "main.comuna",
    "pk": 14102
}, {
    "fields": {
        "nombre": "Lanco ",
        "region": 14
    },
    "model": "main.comuna",
    "pk": 14103
}, {
    "fields": {
        "nombre": "Los Lagos ",
        "region": 14
    },
    "model": "main.comuna",
    "pk": 14104
}, {
    "fields": {
        "nombre": "M\u00e1fil",
        "region": 14
    },
    "model": "main.comuna",
    "pk": 14105
}, {
    "fields": {
        "nombre": "Mariquina",
        "region": 14
    },
    "model": "main.comuna",
    "pk": 14106
}, {
    "fields": {
        "nombre": "Paillaco",
        "region": 14
    },
    "model": "main.comuna",
    "pk": 14107
}, {
    "fields": {
        "nombre": "Panguipulli ",
        "region": 14
    },
    "model": "main.comuna",
    "pk": 14108
}, {
    "fields": {
        "nombre": "La Uni\u00f3n ",
        "region": 14
    },
    "model": "main.comuna",
    "pk": 14201
}, {
    "fields": {
        "nombre": "Futrono ",
        "region": 14
    },
    "model": "main.comuna",
    "pk": 14202
}, {
    "fields": {
        "nombre": "Lago Ranco",
        "region": 14
    },
    "model": "main.comuna",
    "pk": 14203
}, {
    "fields": {
        "nombre": "R\u00edo Bueno",
        "region": 14
    },
    "model": "main.comuna",
    "pk": 14204
}, {
    "fields": {
        "nombre": "Arica ",
        "region": 15
    },
    "model": "main.comuna",
    "pk": 15101
}, {
    "fields": {
        "nombre": "Camarones",
        "region": 15
    },
    "model": "main.comuna",
    "pk": 15102
}, {
    "fields": {
        "nombre": "Putre",
        "region": 15
    },
    "model": "main.comuna",
    "pk": 15201
}, {
    "fields": {
        "nombre": "General Lagos ",
        "region": 15
    },
    "model": "main.comuna",
    "pk": 15202
}, {
    "fields": {
        "nombre": "Bansander"
    },
    "model": "main.afp",
    "pk": 1
}, {
    "fields": {
        "nombre": "Cuprum"
    },
    "model": "main.afp",
    "pk": 2
}, {
    "fields": {
        "nombre": "Habitat"
    },
    "model": "main.afp",
    "pk": 3
}, {
    "fields": {
        "nombre": "Planvital"
    },
    "model": "main.afp",
    "pk": 4
}, {
    "fields": {
        "nombre": "Provida"
    },
    "model": "main.afp",
    "pk": 5
}, {
    "fields": {
        "nombre": "Santa Mar\u00eda"
    },
    "model": "main.afp",
    "pk": 6
}, {
    "fields": {
        "nombre": "Modelo"
    },
    "model": "main.afp",
    "pk": 7
}, {
    "fields": {
        "nombre": "Fonasa"
    },
    "model": "main.sistemasalud",
    "pk": 1
}, {
    "fields": {
        "nombre": "Isapre Banm\u00e9dica"
    },
    "model": "main.sistemasalud",
    "pk": 2
}, {
    "fields": {
        "nombre": "Isapre Colmena"
    },
    "model": "main.sistemasalud",
    "pk": 3
}, {
    "fields": {
        "nombre": "Isapre Consalud"
    },
    "model": "main.sistemasalud",
    "pk": 4
}, {
    "fields": {
        "nombre": "Isapre Cruz Blanca"
    },
    "model": "main.sistemasalud",
    "pk": 5
}, {
    "fields": {
        "nombre": "Isapre M\u00e1s Vida"
    },
    "model": "main.sistemasalud",
    "pk": 6
}, {
    "fields": {
        "nombre": "Isapre Vida Tres"
    },
    "model": "main.sistemasalud",
    "pk": 7
}, {
    "fields": {
        "nombre": "Soltero"
    },
    "model": "main.estadocivil",
    "pk": 1
}, {
    "fields": {
        "nombre": "Casado"
    },
    "model": "main.estadocivil",
    "pk": 2
}, {
    "fields": {
        "nombre": "Divorciado"
    },
    "model": "main.estadocivil",
    "pk": 3
}, {
    "fields": {
        "nombre": "Viudo"
    },
    "model": "main.estadocivil",
    "pk": 4
}, {
    "fields": {
        "nombre": "Al d\u00eda"
    },
    "model": "main.estadovacacion",
    "pk": 1
}, {
    "fields": {
        "nombre": "Pendientes"
    },
    "model": "main.estadovacacion",
    "pk": 2
}, {
    "fields": {
        "nombre": "Programadas"
    },
    "model": "main.estadovacacion",
    "pk": 3
}, {
    "fields": {
        "nombre": "llenos normales"
    },
    "model": "main.tipoproducto",
    "pk": 1
}, {
    "fields": {
        "nombre": "llenos catal\u00edticos"
    },
    "model": "main.tipoproducto",
    "pk": 2
}, {
    "fields": {
        "nombre": "garant\u00edas"
    },
    "model": "main.tipoproducto",
    "pk": 3
}, {
    "fields": {
        "orden": 1,
        "nivel_critico": null,
        "peso": 5,
        "tipo_producto": 1,
        "nombre": "5 kilos",
        "codigo": 1105,
        "stock": 0
    },
    "model": "main.producto",
    "pk": 1
}, {
    "fields": {
        "orden": 1,
        "nivel_critico": null,
        "peso": 11,
        "tipo_producto": 1,
        "nombre": "11 kilos",
        "codigo": 1111,
        "stock": 0
    },
    "model": "main.producto",
    "pk": 2
}, {
    "fields": {
        "orden": 1,
        "nivel_critico": null,
        "peso": 15,
        "tipo_producto": 1,
        "nombre": "15 kilos",
        "codigo": 1115,
        "stock": 0
    },
    "model": "main.producto",
    "pk": 3
}, {
    "fields": {
        "orden": 1,
        "nivel_critico": null,
        "peso": 45,
        "tipo_producto": 1,
        "nombre": "45 kilos",
        "codigo": 1145,
        "stock": 0
    },
    "model": "main.producto",
    "pk": 4
}, {
    "fields": {
        "orden": 3,
        "nivel_critico": null,
        "peso": 15,
        "tipo_producto": 1,
        "nombre": "Autogas Aluminio",
        "codigo": 1215,
        "stock": 0
    },
    "model": "main.producto",
    "pk": 5
}, {
    "fields": {
        "orden": 4,
        "nivel_critico": null,
        "peso": 15,
        "tipo_producto": 1,
        "nombre": "Autogas Fierro",
        "codigo": 1315,
        "stock": 0
    },
    "model": "main.producto",
    "pk": 6
}, {
    "fields": {
        "orden": 2,
        "nivel_critico": null,
        "peso": 5,
        "tipo_producto": 2,
        "nombre": "5 kilos",
        "codigo": 1405,
        "stock": 0
    },
    "model": "main.producto",
    "pk": 7
}, {
    "fields": {
        "orden": 2,
        "nivel_critico": null,
        "peso": 11,
        "tipo_producto": 2,
        "nombre": "11 kilos",
        "codigo": 1411,
        "stock": 0
    },
    "model": "main.producto",
    "pk": 8
}, {
    "fields": {
        "orden": 2,
        "nivel_critico": null,
        "peso": 15,
        "tipo_producto": 2,
        "nombre": "15 kilos",
        "codigo": 1415,
        "stock": 0
    },
    "model": "main.producto",
    "pk": 9
}, {
    "fields": {
        "orden": 2,
        "nivel_critico": null,
        "peso": 45,
        "tipo_producto": 2,
        "nombre": "45 kilos",
        "codigo": 1445,
        "stock": 0
    },
    "model": "main.producto",
    "pk": 10
}, {
    "fields": {
        "orden": -1,
        "nivel_critico": null,
        "peso": 15,
        "tipo_producto": 2,
        "nombre": "Butano",
        "codigo": 1515,
        "stock": 0
    },
    "model": "main.producto",
    "pk": 11
}, {
    "fields": {
        "orden": 5,
        "nivel_critico": null,
        "peso": 5,
        "tipo_producto": 3,
        "nombre": "5 kilos",
        "codigo": 3105,
        "stock": 0
    },
    "model": "main.producto",
    "pk": 12
}, {
    "fields": {
        "orden": 5,
        "nivel_critico": null,
        "peso": 11,
        "tipo_producto": 3,
        "nombre": "11 kilos",
        "codigo": 3111,
        "stock": 0
    },
    "model": "main.producto",
    "pk": 13
}, {
    "fields": {
        "orden": 5,
        "nivel_critico": null,
        "peso": 15,
        "tipo_producto": 3,
        "nombre": "15 kilos",
        "codigo": 3115,
        "stock": 0
    },
    "model": "main.producto",
    "pk": 14
}, {
    "fields": {
        "orden": 5,
        "nivel_critico": null,
        "peso": 45,
        "tipo_producto": 3,
        "nombre": "45 kilos",
        "codigo": 3145,
        "stock": 0
    },
    "model": "main.producto",
    "pk": 15
}, {
    "fields": {
        "orden": 5,
        "nivel_critico": null,
        "peso": 15,
        "tipo_producto": 3,
        "nombre": "Aluminio",
        "codigo": 3215,
        "stock": 0
    },
    "model": "main.producto",
    "pk": 16
}, {
    "fields": {
        "orden": 5,
        "nivel_critico": null,
        "peso": 15,
        "tipo_producto": 3,
        "nombre": "Fierro",
        "codigo": 3315,
        "stock": 0
    },
    "model": "main.producto",
    "pk": 17
}, {
    "fields": {
        "nombre": "Compra"
    },
    "model": "main.tipocambiostock",
    "pk": 1
}, {
    "fields": {
        "nombre": "Venta"
    },
    "model": "main.tipocambiostock",
    "pk": 2
}, {
    "fields": {
        "nombre": "Carta Canje"
    },
    "model": "main.tipocambiostock",
    "pk": 3
}, {
    "fields": {
        "nombre": "tarjeta cr\u00e9dito"
    },
    "model": "main.tipotarjeta",
    "pk": 1
}, {
    "fields": {
        "nombre": "tarjeta debito"
    },
    "model": "main.tipotarjeta",
    "pk": 2
}, {
    "fields": {
        "nombre": "tarjeta casa comercial"
    },
    "model": "main.tipotarjeta",
    "pk": 3
}, {
    "fields": {
        "nombre": "VISA",
        "codigo": "vi",
        "tipo_tarjeta": 1
    },
    "model": "main.tarjetacredito",
    "pk": 1
}, {
    "fields": {
        "nombre": "Mastercard",
        "codigo": "mc",
        "tipo_tarjeta": 1
    },
    "model": "main.tarjetacredito",
    "pk": 2
}, {
    "fields": {
        "nombre": "American Express",
        "codigo": "ae",
        "tipo_tarjeta": 1
    },
    "model": "main.tarjetacredito",
    "pk": 3
}, {
    "fields": {
        "nombre": "Dinners Club",
        "codigo": "dc",
        "tipo_tarjeta": 1
    },
    "model": "main.tarjetacredito",
    "pk": 4
}, {
    "fields": {
        "nombre": "Debito",
        "codigo": null,
        "tipo_tarjeta": 2
    },
    "model": "main.tarjetacredito",
    "pk": 5
}, {
    "fields": {
        "nombre": "Falabella",
        "codigo": null,
        "tipo_tarjeta": 3
    },
    "model": "main.tarjetacredito",
    "pk": 6
}, {
    "fields": {
        "nombre": "Ripley",
        "codigo": null,
        "tipo_tarjeta": 3
    },
    "model": "main.tarjetacredito",
    "pk": 7
}, {
    "fields": {
        "nombre": "Cencosud",
        "codigo": null,
        "tipo_tarjeta": 3
    },
    "model": "main.tarjetacredito",
    "pk": 8
}, {
    "fields": {
        "nombre": "La Polar",
        "codigo": null,
        "tipo_tarjeta": 3
    },
    "model": "main.tarjetacredito",
    "pk": 9
}, {
    "fields": {
        "nombre": "Tricot",
        "codigo": null,
        "tipo_tarjeta": 3
    },
    "model": "main.tarjetacredito",
    "pk": 10
}, {
    "fields": {
        "nombre": "Johnson",
        "codigo": null,
        "tipo_tarjeta": 3
    },
    "model": "main.tarjetacredito",
    "pk": 11
}, {
    "fields": {
        "nombre": "Dijon",
        "codigo": null,
        "tipo_tarjeta": 3
    },
    "model": "main.tarjetacredito",
    "pk": 12
}, {
    "fields": {
        "nombre": "Hites",
        "codigo": null,
        "tipo_tarjeta": 3
    },
    "model": "main.tarjetacredito",
    "pk": 13
}, {
    "fields": {
        "nombre": "Efectivo"
    },
    "model": "main.tipopago",
    "pk": 1
}, {
    "fields": {
        "nombre": "Voucher"
    },
    "model": "main.tipopago",
    "pk": 2
}, {
    "fields": {
        "nombre": "Cup\u00f3n prepago"
    },
    "model": "main.tipopago",
    "pk": 3
}, {
    "fields": {
        "nombre": "Gu\u00eda de despacho"
    },
    "model": "main.tipopago",
    "pk": 4
}, {
    "fields": {
        "tipo": "Fijo"
    },
    "model": "main.tipodescuento",
    "pk": 1
}, {
    "fields": {
        "tipo": "Porcentaje"
    },
    "model": "main.tipodescuento",
    "pk": 2
}, {
    "fields": {
        "producto": null,
        "monto_descuento": 0,
        "tipo_descuento": 1
    },
    "model": "main.descuentocliente",
    "pk": 1
}]
