[{"fields": {"model": "logentry", "name": "log entry", "app_label": "admin"}, "model": "contenttypes.contenttype", "pk": 1}, {"fields": {"model": "permission", "name": "permission", "app_label": "auth"}, "model": "contenttypes.contenttype", "pk": 2}, {"fields": {"model": "group", "name": "group", "app_label": "auth"}, "model": "contenttypes.contenttype", "pk": 3}, {"fields": {"model": "user", "name": "user", "app_label": "auth"}, "model": "contenttypes.contenttype", "pk": 4}, {"fields": {"model": "contenttype", "name": "content type", "app_label": "contenttypes"}, "model": "contenttypes.contenttype", "pk": 5}, {"fields": {"model": "session", "name": "session", "app_label": "sessions"}, "model": "contenttypes.contenttype", "pk": 6}, {"fields": {"model": "afp", "name": "afp", "app_label": "trabajador"}, "model": "contenttypes.contenttype", "pk": 7}, {"fields": {"model": "sistemasalud", "name": "sistema salud", "app_label": "trabajador"}, "model": "contenttypes.contenttype", "pk": 8}, {"fields": {"model": "estadocivil", "name": "estado civil", "app_label": "trabajador"}, "model": "contenttypes.contenttype", "pk": 9}, {"fields": {"model": "estadovacacion", "name": "estado vacacion", "app_label": "trabajador"}, "model": "contenttypes.contenttype", "pk": 10}, {"fields": {"model": "trabajador", "name": "trabajador", "app_label": "trabajador"}, "model": "contenttypes.contenttype", "pk": 11}, {"fields": {"model": "vacacion", "name": "vacacion", "app_label": "trabajador"}, "model": "contenttypes.contenttype", "pk": 12}, {"fields": {"model": "cargafamiliar", "name": "carga familiar", "app_label": "trabajador"}, "model": "contenttypes.contenttype", "pk": 13}, {"fields": {"model": "boletatrabajador", "name": "boleta trabajador", "app_label": "trabajador"}, "model": "contenttypes.contenttype", "pk": 14}, {"fields": {"model": "guiatrabajador", "name": "guia trabajador", "app_label": "trabajador"}, "model": "contenttypes.contenttype", "pk": 15}, {"fields": {"model": "tipoproducto", "name": "tipo producto", "app_label": "bodega"}, "model": "contenttypes.contenttype", "pk": 16}, {"fields": {"model": "producto", "name": "producto", "app_label": "bodega"}, "model": "contenttypes.contenttype", "pk": 17}, {"fields": {"model": "precioproducto", "name": "precio producto", "app_label": "bodega"}, "model": "contenttypes.contenttype", "pk": 18}, {"fields": {"model": "factura", "name": "factura", "app_label": "bodega"}, "model": "contenttypes.contenttype", "pk": 19}, {"fields": {"model": "vehiculo", "name": "vehiculo", "app_label": "bodega"}, "model": "contenttypes.contenttype", "pk": 20}, {"fields": {"model": "stockvehiculo", "name": "stock vehiculo", "app_label": "bodega"}, "model": "contenttypes.contenttype", "pk": 21}, {"fields": {"model": "trabajadorvehiculo", "name": "trabajador vehiculo", "app_label": "bodega"}, "model": "contenttypes.contenttype", "pk": 22}, {"fields": {"model": "pagovehiculo", "name": "pago vehiculo", "app_label": "bodega"}, "model": "contenttypes.contenttype", "pk": 23}, {"fields": {"model": "pagocuotavehiculo", "name": "pago cuota vehiculo", "app_label": "bodega"}, "model": "contenttypes.contenttype", "pk": 24}, {"fields": {"model": "movil", "name": "movil", "app_label": "bodega"}, "model": "contenttypes.contenttype", "pk": 25}, {"fields": {"model": "guiadespacho", "name": "guia despacho", "app_label": "bodega"}, "model": "contenttypes.contenttype", "pk": 26}, {"fields": {"model": "abonoguia", "name": "abono guia", "app_label": "bodega"}, "model": "contenttypes.contenttype", "pk": 27}, {"fields": {"model": "historialstock", "name": "historial stock", "app_label": "bodega"}, "model": "contenttypes.contenttype", "pk": 28}, {"fields": {"model": "region", "name": "region", "app_label": "clientes"}, "model": "contenttypes.contenttype", "pk": 29}, {"fields": {"model": "comuna", "name": "comuna", "app_label": "clientes"}, "model": "contenttypes.contenttype", "pk": 30}, {"fields": {"model": "tipodescuento", "name": "tipo descuento", "app_label": "clientes"}, "model": "contenttypes.contenttype", "pk": 31}, {"fields": {"model": "descuentocliente", "name": "descuento cliente", "app_label": "clientes"}, "model": "contenttypes.contenttype", "pk": 32}, {"fields": {"model": "cliente", "name": "cliente", "app_label": "clientes"}, "model": "contenttypes.contenttype", "pk": 33}, {"fields": {"model": "estadoterminal", "name": "estado terminal", "app_label": "liquidacion"}, "model": "contenttypes.contenttype", "pk": 34}, {"fields": {"model": "terminal", "name": "terminal", "app_label": "liquidacion"}, "model": "contenttypes.contenttype", "pk": 35}, {"fields": {"model": "historialestadoterminal", "name": "historial estado terminal", "app_label": "liquidacion"}, "model": "contenttypes.contenttype", "pk": 36}, {"fields": {"model": "tipotarjeta", "name": "tipo tarjeta", "app_label": "liquidacion"}, "model": "contenttypes.contenttype", "pk": 37}, {"fields": {"model": "banco", "name": "banco", "app_label": "liquidacion"}, "model": "contenttypes.contenttype", "pk": 38}, {"fields": {"model": "tarjetacredito", "name": "tarjeta credito", "app_label": "liquidacion"}, "model": "contenttypes.contenttype", "pk": 39}, {"fields": {"model": "tipopago", "name": "tipo pago", "app_label": "liquidacion"}, "model": "contenttypes.contenttype", "pk": 40}, {"fields": {"model": "liquidacion", "name": "liquidacion", "app_label": "liquidacion"}, "model": "contenttypes.contenttype", "pk": 41}, {"fields": {"model": "guiaventa", "name": "guia venta", "app_label": "liquidacion"}, "model": "contenttypes.contenttype", "pk": 42}, {"fields": {"model": "detalleguiaventa", "name": "detalle guia venta", "app_label": "liquidacion"}, "model": "contenttypes.contenttype", "pk": 43}, {"fields": {"model": "cheque", "name": "cheque", "app_label": "liquidacion"}, "model": "contenttypes.contenttype", "pk": 44}, {"fields": {"model": "otros", "name": "otros", "app_label": "liquidacion"}, "model": "contenttypes.contenttype", "pk": 45}, {"fields": {"model": "cuponprepago", "name": "cupon prepago", "app_label": "liquidacion"}, "model": "contenttypes.contenttype", "pk": 46}, {"fields": {"model": "transbankvoucher", "name": "transbank voucher", "app_label": "liquidacion"}, "model": "contenttypes.contenttype", "pk": 47}, {"fields": {"model": "lipigasvoucher", "name": "lipigas voucher", "app_label": "liquidacion"}, "model": "contenttypes.contenttype", "pk": 48}, {"fields": {"model": "cuotavoucher", "name": "cuota voucher", "app_label": "liquidacion"}, "model": "contenttypes.contenttype", "pk": 49}, {"fields": {"model": "cierre", "name": "cierre", "app_label": "liquidacion"}, "model": "contenttypes.contenttype", "pk": 50}, {"fields": {"model": "detallecierre", "name": "detalle cierre", "app_label": "liquidacion"}, "model": "contenttypes.contenttype", "pk": 51}, {"fields": {"model": "historialcambiovehiculo", "name": "historial cambio vehiculo", "app_label": "liquidacion"}, "model": "contenttypes.contenttype", "pk": 52}, {"fields": {"model": "tipotrabajador", "name": "tipo trabajador", "app_label": "trabajador"}, "model": "contenttypes.contenttype", "pk": 53}, {"fields": {"expire_date": "2015-02-14T13:11:18.888", "session_data": "MmNkYTZiM2Y0MDJhNzg5ODRjZTIyN2FiZjM1ODllMWZlZjUyMmExZDqAAn1xAS4="}, "model": "sessions.session", "pk": "12tr0pd6jtlhpedwhhq1hevvnq0m5exg"}, {"fields": {"nombre": "Bansander"}, "model": "trabajador.afp", "pk": 1}, {"fields": {"nombre": "Cuprum"}, "model": "trabajador.afp", "pk": 2}, {"fields": {"nombre": "Habitat"}, "model": "trabajador.afp", "pk": 3}, {"fields": {"nombre": "Planvital"}, "model": "trabajador.afp", "pk": 4}, {"fields": {"nombre": "Provida"}, "model": "trabajador.afp", "pk": 5}, {"fields": {"nombre": "Santa Mar\u00eda"}, "model": "trabajador.afp", "pk": 6}, {"fields": {"nombre": "Modelo"}, "model": "trabajador.afp", "pk": 7}, {"fields": {"nombre": "Fonasa"}, "model": "trabajador.sistemasalud", "pk": 1}, {"fields": {"nombre": "Isapre Banm\u00e9dica"}, "model": "trabajador.sistemasalud", "pk": 2}, {"fields": {"nombre": "Isapre Colmena"}, "model": "trabajador.sistemasalud", "pk": 3}, {"fields": {"nombre": "Isapre Consalud"}, "model": "trabajador.sistemasalud", "pk": 4}, {"fields": {"nombre": "Isapre Cruz Blanca"}, "model": "trabajador.sistemasalud", "pk": 5}, {"fields": {"nombre": "Isapre M\u00e1s Vida"}, "model": "trabajador.sistemasalud", "pk": 6}, {"fields": {"nombre": "Isapre Vida Tres"}, "model": "trabajador.sistemasalud", "pk": 7}, {"fields": {"nombre": "Soltero"}, "model": "trabajador.estadocivil", "pk": 1}, {"fields": {"nombre": "Casado"}, "model": "trabajador.estadocivil", "pk": 2}, {"fields": {"nombre": "Divorciado"}, "model": "trabajador.estadocivil", "pk": 3}, {"fields": {"nombre": "Viudo"}, "model": "trabajador.estadocivil", "pk": 4}, {"fields": {"nombre": "Chofer"}, "model": "trabajador.tipotrabajador", "pk": 1}, {"fields": {"nombre": "Fletero"}, "model": "trabajador.tipotrabajador", "pk": 2}, {"fields": {"nombre": "Al d\u00eda"}, "model": "trabajador.estadovacacion", "pk": 1}, {"fields": {"nombre": "Pendientes"}, "model": "trabajador.estadovacacion", "pk": 2}, {"fields": {"nombre": "Programadas"}, "model": "trabajador.estadovacacion", "pk": 3}, {"fields": {"apellido": "Vera Contreras", "fecha_inicio_contrato": "2015-01-02", "tipo_trabajador": 1, "sistema_salud": 1, "rut": "17857233-4", "nombre": "Jean Pierre", "estado_civil": 1, "afp": 7, "vigencia_licencia": "2015-01-31", "nacimiento": "1991-03-22", "domicilio": "manzana e-4 casa 6 poblacion alejandro navarrete gomez carre\u00f1o"}, "model": "trabajador.trabajador", "pk": 1}, {"fields": {"apellido": "Calderon Pe\u00f1aloza", "fecha_inicio_contrato": "2015-01-16", "tipo_trabajador": 1, "sistema_salud": 2, "rut": "7020906-3", "nombre": "Ignacio Javier", "estado_civil": 2, "afp": 6, "vigencia_licencia": "2015-01-31", "nacimiento": "1990-03-06", "domicilio": "avenida siempre viva 123"}, "model": "trabajador.trabajador", "pk": 2}, {"fields": {"apellido": "Rosas Romero", "fecha_inicio_contrato": "2015-01-18", "tipo_trabajador": 1, "sistema_salud": 6, "rut": "22726168-4", "nombre": "Cristofer Andres", "estado_civil": 3, "afp": 5, "vigencia_licencia": "2015-06-26", "nacimiento": "1995-12-03", "domicilio": "Calle queso n\u00ba123 valparaiso"}, "model": "trabajador.trabajador", "pk": 3}, {"fields": {"apellido": "Romero Cardenas", "fecha_inicio_contrato": "2014-09-12", "tipo_trabajador": 1, "sistema_salud": 5, "rut": "7774362-6", "nombre": "Denisse Angela", "estado_civil": 4, "afp": 4, "vigencia_licencia": "2016-09-17", "nacimiento": "1990-02-05", "domicilio": "3 Norte N\u00ba 858, Vi\u00f1a del Mar"}, "model": "trabajador.trabajador", "pk": 4}, {"fields": {"apellido": "Nakahara Ruiz", "fecha_inicio_contrato": "2015-01-25", "tipo_trabajador": 1, "sistema_salud": 3, "rut": "11461975-2", "nombre": "Agatha Veronica", "estado_civil": 4, "afp": 3, "vigencia_licencia": "2015-01-25", "nacimiento": "1997-02-03", "domicilio": "Calle oppi , lok thar ogar"}, "model": "trabajador.trabajador", "pk": 5}, {"fields": {"apellido": "Ciego Iku", "fecha_inicio_contrato": "2015-01-10", "tipo_trabajador": 1, "sistema_salud": 2, "rut": "11872997-8", "nombre": "Lee Sin", "estado_civil": 1, "afp": 1, "vigencia_licencia": "2015-01-30", "nacimiento": "1990-03-26", "domicilio": "La grieta del invocador #26"}, "model": "trabajador.trabajador", "pk": 6}, {"fields": {"apellido": "Vicente Reyes de las Nieves", "fecha_inicio_contrato": "2014-09-05", "tipo_trabajador": 1, "sistema_salud": 4, "rut": "22215470-7", "nombre": "Hector Lucian", "estado_civil": 2, "afp": 5, "vigencia_licencia": "2014-01-03", "nacimiento": "1986-05-08", "domicilio": "La posada de los muertos calle hjk n\u00ba26"}, "model": "trabajador.trabajador", "pk": 7}, {"fields": {"apellido": "Ramirez Rojas", "fecha_inicio_contrato": "2015-01-02", "tipo_trabajador": 1, "sistema_salud": 2, "rut": "10734859-k", "nombre": "Kog Maw", "estado_civil": 2, "afp": 3, "vigencia_licencia": "2015-01-11", "nacimiento": "1985-03-10", "domicilio": "Ciudad Lavanda N\u00ba13 , Pta arenas"}, "model": "trabajador.trabajador", "pk": 8}, {"fields": {"apellido": "Sanguinar Fuentes", "fecha_inicio_contrato": "2015-01-10", "tipo_trabajador": 1, "sistema_salud": 4, "rut": "19038842-5", "nombre": "Valeera Helena", "estado_civil": 1, "afp": 1, "vigencia_licencia": "2015-01-11", "nacimiento": "1992-01-09", "domicilio": "Citadela de Hielo Block 6 HJK n\u00ba 123"}, "model": "trabajador.trabajador", "pk": 9}, {"fields": {"apellido": "Herrera Herrera", "fecha_inicio_contrato": "2015-01-04", "tipo_trabajador": 1, "sistema_salud": 4, "rut": "6587423-7", "nombre": "Slender Elias", "estado_civil": 3, "afp": 2, "vigencia_licencia": "2015-01-03", "nacimiento": "1992-03-25", "domicilio": "Casita oupi uno dos tres #6"}, "model": "trabajador.trabajador", "pk": 10}, {"fields": {"activo": null, "fecha_inicio": null, "trabajador": 1, "estado_vacacion": 1, "dias_restantes": null}, "model": "trabajador.vacacion", "pk": 1}, {"fields": {"activo": null, "fecha_inicio": null, "trabajador": 2, "estado_vacacion": 1, "dias_restantes": null}, "model": "trabajador.vacacion", "pk": 2}, {"fields": {"activo": null, "fecha_inicio": null, "trabajador": 3, "estado_vacacion": 2, "dias_restantes": null}, "model": "trabajador.vacacion", "pk": 3}, {"fields": {"activo": null, "fecha_inicio": null, "trabajador": 4, "estado_vacacion": 2, "dias_restantes": null}, "model": "trabajador.vacacion", "pk": 4}, {"fields": {"activo": null, "fecha_inicio": null, "trabajador": 5, "estado_vacacion": 1, "dias_restantes": null}, "model": "trabajador.vacacion", "pk": 5}, {"fields": {"activo": null, "fecha_inicio": null, "trabajador": 6, "estado_vacacion": 1, "dias_restantes": null}, "model": "trabajador.vacacion", "pk": 6}, {"fields": {"activo": null, "fecha_inicio": null, "trabajador": 7, "estado_vacacion": 3, "dias_restantes": null}, "model": "trabajador.vacacion", "pk": 7}, {"fields": {"activo": null, "fecha_inicio": null, "trabajador": 8, "estado_vacacion": 1, "dias_restantes": null}, "model": "trabajador.vacacion", "pk": 8}, {"fields": {"activo": null, "fecha_inicio": null, "trabajador": 9, "estado_vacacion": 3, "dias_restantes": null}, "model": "trabajador.vacacion", "pk": 9}, {"fields": {"activo": null, "fecha_inicio": null, "trabajador": 10, "estado_vacacion": 1, "dias_restantes": null}, "model": "trabajador.vacacion", "pk": 10}, {"fields": {"nombre": "llenos normales"}, "model": "bodega.tipoproducto", "pk": 1}, {"fields": {"nombre": "llenos catal\u00edticos"}, "model": "bodega.tipoproducto", "pk": 2}, {"fields": {"nombre": "garant\u00edas"}, "model": "bodega.tipoproducto", "pk": 3}, {"fields": {"orden": 1, "nivel_critico": null, "peso": 5, "tipo_producto": 1, "nombre": "5 kilos", "codigo": 1105, "stock": 0}, "model": "bodega.producto", "pk": 1}, {"fields": {"orden": 2, "nivel_critico": null, "peso": 11, "tipo_producto": 1, "nombre": "11 kilos", "codigo": 1111, "stock": 0}, "model": "bodega.producto", "pk": 2}, {"fields": {"orden": 3, "nivel_critico": null, "peso": 15, "tipo_producto": 1, "nombre": "15 kilos", "codigo": 1115, "stock": 0}, "model": "bodega.producto", "pk": 3}, {"fields": {"orden": 4, "nivel_critico": null, "peso": 45, "tipo_producto": 1, "nombre": "45 kilos", "codigo": 1145, "stock": 0}, "model": "bodega.producto", "pk": 4}, {"fields": {"orden": 9, "nivel_critico": null, "peso": 15, "tipo_producto": 1, "nombre": "Autogas Aluminio", "codigo": 1215, "stock": 0}, "model": "bodega.producto", "pk": 5}, {"fields": {"orden": 10, "nivel_critico": null, "peso": 15, "tipo_producto": 1, "nombre": "Autogas Fierro", "codigo": 1315, "stock": 0}, "model": "bodega.producto", "pk": 6}, {"fields": {"orden": 5, "nivel_critico": null, "peso": 5, "tipo_producto": 2, "nombre": "5 kilos", "codigo": 1405, "stock": 0}, "model": "bodega.producto", "pk": 7}, {"fields": {"orden": 6, "nivel_critico": null, "peso": 11, "tipo_producto": 2, "nombre": "11 kilos", "codigo": 1411, "stock": 0}, "model": "bodega.producto", "pk": 8}, {"fields": {"orden": 7, "nivel_critico": null, "peso": 15, "tipo_producto": 2, "nombre": "15 kilos", "codigo": 1415, "stock": 0}, "model": "bodega.producto", "pk": 9}, {"fields": {"orden": 8, "nivel_critico": null, "peso": 45, "tipo_producto": 2, "nombre": "45 kilos", "codigo": 1445, "stock": 0}, "model": "bodega.producto", "pk": 10}, {"fields": {"orden": -1, "nivel_critico": null, "peso": 15, "tipo_producto": 2, "nombre": "Butano", "codigo": 1515, "stock": 0}, "model": "bodega.producto", "pk": 11}, {"fields": {"orden": -1, "nivel_critico": null, "peso": 5, "tipo_producto": 3, "nombre": "5 kilos", "codigo": 3105, "stock": 0}, "model": "bodega.producto", "pk": 12}, {"fields": {"orden": -1, "nivel_critico": null, "peso": 11, "tipo_producto": 3, "nombre": "11 kilos", "codigo": 3111, "stock": 0}, "model": "bodega.producto", "pk": 13}, {"fields": {"orden": -1, "nivel_critico": null, "peso": 15, "tipo_producto": 3, "nombre": "15 kilos", "codigo": 3115, "stock": 0}, "model": "bodega.producto", "pk": 14}, {"fields": {"orden": -1, "nivel_critico": null, "peso": 45, "tipo_producto": 3, "nombre": "45 kilos", "codigo": 3145, "stock": 0}, "model": "bodega.producto", "pk": 15}, {"fields": {"orden": -1, "nivel_critico": null, "peso": 15, "tipo_producto": 3, "nombre": "Aluminio", "codigo": 3215, "stock": 0}, "model": "bodega.producto", "pk": 16}, {"fields": {"orden": -1, "nivel_critico": null, "peso": 15, "tipo_producto": 3, "nombre": "Fierro", "codigo": 3315, "stock": 0}, "model": "bodega.producto", "pk": 17}, {"fields": {"patente": "ggwp12", "fecha_revision_tecnica": "2015-01-10", "estado_sec": true, "km": 10, "estado_pago": false}, "model": "bodega.vehiculo", "pk": 1}, {"fields": {"patente": "ggwp13", "fecha_revision_tecnica": "2015-01-18", "estado_sec": false, "km": 0, "estado_pago": false}, "model": "bodega.vehiculo", "pk": 2}, {"fields": {"patente": "hjup56", "fecha_revision_tecnica": "2015-01-09", "estado_sec": true, "km": 0, "estado_pago": true}, "model": "bodega.vehiculo", "pk": 3}, {"fields": {"patente": "ggwp12", "fecha_revision_tecnica": "2015-01-18", "estado_sec": true, "km": 0, "estado_pago": true}, "model": "bodega.vehiculo", "pk": 4}, {"fields": {"patente": "ggwp12", "fecha_revision_tecnica": "2015-01-17", "estado_sec": true, "km": 0, "estado_pago": true}, "model": "bodega.vehiculo", "pk": 5}, {"fields": {"patente": "ggwp12", "fecha_revision_tecnica": "2015-01-24", "estado_sec": true, "km": 25, "estado_pago": true}, "model": "bodega.vehiculo", "pk": 6}, {"fields": {"patente": "ggwp12", "fecha_revision_tecnica": "2015-01-31", "estado_sec": true, "km": 25, "estado_pago": true}, "model": "bodega.vehiculo", "pk": 7}, {"fields": {"patente": "ggwp12", "fecha_revision_tecnica": "2015-01-31", "estado_sec": true, "km": 10, "estado_pago": true}, "model": "bodega.vehiculo", "pk": 8}, {"fields": {"patente": "ggwp20", "fecha_revision_tecnica": "2015-01-02", "estado_sec": true, "km": 0, "estado_pago": true}, "model": "bodega.vehiculo", "pk": 9}, {"fields": {"patente": "ggwp56", "fecha_revision_tecnica": "2015-01-18", "estado_sec": true, "km": 100, "estado_pago": true}, "model": "bodega.vehiculo", "pk": 10}, {"fields": {"patente": "hjkl67", "fecha_revision_tecnica": "2015-01-17", "estado_sec": true, "km": 0, "estado_pago": true}, "model": "bodega.vehiculo", "pk": 11}, {"fields": {"activo": false, "fecha": "2015-01-24T03:12:33.981", "trabajador": 1, "vehiculo": 1}, "model": "bodega.trabajadorvehiculo", "pk": 1}, {"fields": {"activo": true, "fecha": "2015-01-24T03:12:53.423", "trabajador": 2, "vehiculo": 2}, "model": "bodega.trabajadorvehiculo", "pk": 2}, {"fields": {"activo": false, "fecha": "2015-01-24T03:13:21.874", "trabajador": 1, "vehiculo": 3}, "model": "bodega.trabajadorvehiculo", "pk": 3}, {"fields": {"activo": true, "fecha": "2015-01-24T03:13:48.423", "trabajador": 10, "vehiculo": 4}, "model": "bodega.trabajadorvehiculo", "pk": 4}, {"fields": {"activo": true, "fecha": "2015-01-24T03:17:37.866", "trabajador": 3, "vehiculo": 5}, "model": "bodega.trabajadorvehiculo", "pk": 5}, {"fields": {"activo": false, "fecha": "2015-01-24T03:18:08.596", "trabajador": 1, "vehiculo": 6}, "model": "bodega.trabajadorvehiculo", "pk": 6}, {"fields": {"activo": false, "fecha": "2015-01-24T03:19:03.800", "trabajador": 5, "vehiculo": 7}, "model": "bodega.trabajadorvehiculo", "pk": 7}, {"fields": {"activo": true, "fecha": "2015-01-24T03:19:14.491", "trabajador": 6, "vehiculo": 7}, "model": "bodega.trabajadorvehiculo", "pk": 8}, {"fields": {"activo": true, "fecha": "2015-01-24T03:20:57.769", "trabajador": 1, "vehiculo": 8}, "model": "bodega.trabajadorvehiculo", "pk": 9}, {"fields": {"activo": true, "fecha": "2015-01-24T03:25:32.728", "trabajador": 7, "vehiculo": 9}, "model": "bodega.trabajadorvehiculo", "pk": 10}, {"fields": {"activo": true, "fecha": "2015-01-24T03:32:08.726", "trabajador": 8, "vehiculo": 11}, "model": "bodega.trabajadorvehiculo", "pk": 11}, {"fields": {"fecha": "2015-01-24T03:20:57.784", "trabajador": 1, "vehiculo": 8, "numero": 10}, "model": "bodega.movil", "pk": 1}, {"fields": {"fecha": "2015-01-24T03:12:53.423", "trabajador": 2, "vehiculo": 2, "numero": 2}, "model": "bodega.movil", "pk": 2}, {"fields": {"fecha": "2015-01-24T03:13:48.438", "trabajador": 10, "vehiculo": 4, "numero": 1}, "model": "bodega.movil", "pk": 3}, {"fields": {"fecha": "2015-01-24T03:17:37.866", "trabajador": 3, "vehiculo": 5, "numero": 4}, "model": "bodega.movil", "pk": 4}, {"fields": {"fecha": "2015-01-24T03:19:14.484", "trabajador": 6, "vehiculo": 7, "numero": 7}, "model": "bodega.movil", "pk": 5}, {"fields": {"fecha": "2015-01-24T03:25:32.728", "trabajador": 7, "vehiculo": 9, "numero": 10}, "model": "bodega.movil", "pk": 6}, {"fields": {"fecha": "2015-01-24T03:30:18.772", "trabajador": null, "vehiculo": 10, "numero": 12}, "model": "bodega.movil", "pk": 7}, {"fields": {"fecha": "2015-01-24T03:32:08.726", "trabajador": 8, "vehiculo": 11, "numero": 25}, "model": "bodega.movil", "pk": 8}, {"fields": {"nombre": "Regi\u00f3n de Tarapac\u00e1", "orden": 1}, "model": "clientes.region", "pk": 1}, {"fields": {"nombre": "Regi\u00f3n de Antofagasta", "orden": 2}, "model": "clientes.region", "pk": 2}, {"fields": {"nombre": "Regi\u00f3n de Atacama", "orden": 3}, "model": "clientes.region", "pk": 3}, {"fields": {"nombre": "Regi\u00f3n de Coquimbo", "orden": 4}, "model": "clientes.region", "pk": 4}, {"fields": {"nombre": "Regi\u00f3n de Valpara\u00edso", "orden": 5}, "model": "clientes.region", "pk": 5}, {"fields": {"nombre": "Regi\u00f3n del Libertador Gral. Bernardo O\u2019Higgins", "orden": 6}, "model": "clientes.region", "pk": 6}, {"fields": {"nombre": "Regi\u00f3n del Maule", "orden": 7}, "model": "clientes.region", "pk": 7}, {"fields": {"nombre": "Regi\u00f3n del Biob\u00edo", "orden": 8}, "model": "clientes.region", "pk": 8}, {"fields": {"nombre": "Regi\u00f3n de la Araucan\u00eda", "orden": 9}, "model": "clientes.region", "pk": 9}, {"fields": {"nombre": "Regi\u00f3n de Los Lagos", "orden": 10}, "model": "clientes.region", "pk": 10}, {"fields": {"nombre": "Regi\u00f3n Ais\u00e9n del Gral. Carlos Ib\u00e1\u00f1ez del Campo", "orden": 11}, "model": "clientes.region", "pk": 11}, {"fields": {"nombre": "Regi\u00f3n de Magallanes y de la Ant\u00e1rtica Chilena", "orden": 12}, "model": "clientes.region", "pk": 12}, {"fields": {"nombre": "Regi\u00f3n Metropolitana de Santiago", "orden": 13}, "model": "clientes.region", "pk": 13}, {"fields": {"nombre": "Regi\u00f3n de Los R\u00edos", "orden": 14}, "model": "clientes.region", "pk": 14}, {"fields": {"nombre": "Regi\u00f3n de Arica y Parinacota", "orden": 15}, "model": "clientes.region", "pk": 15}, {"fields": {"nombre": "Iquique", "region": 1}, "model": "clientes.comuna", "pk": 1101}, {"fields": {"nombre": "Alto Hospicio", "region": 1}, "model": "clientes.comuna", "pk": 1107}, {"fields": {"nombre": "Pozo Almonte", "region": 1}, "model": "clientes.comuna", "pk": 1401}, {"fields": {"nombre": "Cami\u00f1a", "region": 1}, "model": "clientes.comuna", "pk": 1402}, {"fields": {"nombre": "Colchane", "region": 1}, "model": "clientes.comuna", "pk": 1403}, {"fields": {"nombre": "Huara", "region": 1}, "model": "clientes.comuna", "pk": 1404}, {"fields": {"nombre": "Pica", "region": 1}, "model": "clientes.comuna", "pk": 1405}, {"fields": {"nombre": "Antofagasta", "region": 2}, "model": "clientes.comuna", "pk": 2101}, {"fields": {"nombre": "Mejillones", "region": 2}, "model": "clientes.comuna", "pk": 2102}, {"fields": {"nombre": "Sierra Gorda", "region": 2}, "model": "clientes.comuna", "pk": 2103}, {"fields": {"nombre": "Taltal", "region": 2}, "model": "clientes.comuna", "pk": 2104}, {"fields": {"nombre": "Calama", "region": 2}, "model": "clientes.comuna", "pk": 2201}, {"fields": {"nombre": "Ollag\u00fce", "region": 2}, "model": "clientes.comuna", "pk": 2202}, {"fields": {"nombre": "San Pedro de Atacama", "region": 2}, "model": "clientes.comuna", "pk": 2203}, {"fields": {"nombre": "Tocopilla", "region": 2}, "model": "clientes.comuna", "pk": 2301}, {"fields": {"nombre": "Mar\u00eda Elena", "region": 2}, "model": "clientes.comuna", "pk": 2302}, {"fields": {"nombre": "Copiap\u00f3", "region": 3}, "model": "clientes.comuna", "pk": 3101}, {"fields": {"nombre": "Caldera", "region": 3}, "model": "clientes.comuna", "pk": 3102}, {"fields": {"nombre": "Tierra Amarilla", "region": 3}, "model": "clientes.comuna", "pk": 3103}, {"fields": {"nombre": "Cha\u00f1aral", "region": 3}, "model": "clientes.comuna", "pk": 3201}, {"fields": {"nombre": "Diego de Almagro", "region": 3}, "model": "clientes.comuna", "pk": 3202}, {"fields": {"nombre": "Vallenar", "region": 3}, "model": "clientes.comuna", "pk": 3301}, {"fields": {"nombre": "Alto del Carmen", "region": 3}, "model": "clientes.comuna", "pk": 3302}, {"fields": {"nombre": "Freirina", "region": 3}, "model": "clientes.comuna", "pk": 3303}, {"fields": {"nombre": "Huasco", "region": 3}, "model": "clientes.comuna", "pk": 3304}, {"fields": {"nombre": "La Serena", "region": 4}, "model": "clientes.comuna", "pk": 4101}, {"fields": {"nombre": "Coquimbo", "region": 4}, "model": "clientes.comuna", "pk": 4102}, {"fields": {"nombre": "Andacollo", "region": 4}, "model": "clientes.comuna", "pk": 4103}, {"fields": {"nombre": "La Higuera", "region": 4}, "model": "clientes.comuna", "pk": 4104}, {"fields": {"nombre": "Paiguano", "region": 4}, "model": "clientes.comuna", "pk": 4105}, {"fields": {"nombre": "Vicu\u00f1a", "region": 4}, "model": "clientes.comuna", "pk": 4106}, {"fields": {"nombre": "Illapel", "region": 4}, "model": "clientes.comuna", "pk": 4201}, {"fields": {"nombre": "Canela", "region": 4}, "model": "clientes.comuna", "pk": 4202}, {"fields": {"nombre": "Los Vilos", "region": 4}, "model": "clientes.comuna", "pk": 4203}, {"fields": {"nombre": "Salamanca", "region": 4}, "model": "clientes.comuna", "pk": 4204}, {"fields": {"nombre": "Ovalle", "region": 4}, "model": "clientes.comuna", "pk": 4301}, {"fields": {"nombre": "Combarbal\u00e1", "region": 4}, "model": "clientes.comuna", "pk": 4302}, {"fields": {"nombre": "Monte Patria", "region": 4}, "model": "clientes.comuna", "pk": 4303}, {"fields": {"nombre": "Punitaqui", "region": 4}, "model": "clientes.comuna", "pk": 4304}, {"fields": {"nombre": "R\u00edo Hurtado", "region": 4}, "model": "clientes.comuna", "pk": 4305}, {"fields": {"nombre": "Valpara\u00edso", "region": 5}, "model": "clientes.comuna", "pk": 5101}, {"fields": {"nombre": "Casablanca", "region": 5}, "model": "clientes.comuna", "pk": 5102}, {"fields": {"nombre": "Conc\u00f3n", "region": 5}, "model": "clientes.comuna", "pk": 5103}, {"fields": {"nombre": "Juan Fern\u00e1ndez", "region": 5}, "model": "clientes.comuna", "pk": 5104}, {"fields": {"nombre": "Puchuncav\u00ed", "region": 5}, "model": "clientes.comuna", "pk": 5105}, {"fields": {"nombre": "Quintero", "region": 5}, "model": "clientes.comuna", "pk": 5107}, {"fields": {"nombre": "Vi\u00f1a del Mar", "region": 5}, "model": "clientes.comuna", "pk": 5109}, {"fields": {"nombre": "Isla de Pascua", "region": 5}, "model": "clientes.comuna", "pk": 5201}, {"fields": {"nombre": "Los Andes", "region": 5}, "model": "clientes.comuna", "pk": 5301}, {"fields": {"nombre": "Calle Larga", "region": 5}, "model": "clientes.comuna", "pk": 5302}, {"fields": {"nombre": "Rinconada", "region": 5}, "model": "clientes.comuna", "pk": 5303}, {"fields": {"nombre": "San Esteban", "region": 5}, "model": "clientes.comuna", "pk": 5304}, {"fields": {"nombre": "La Ligua", "region": 5}, "model": "clientes.comuna", "pk": 5401}, {"fields": {"nombre": "Cabildo", "region": 5}, "model": "clientes.comuna", "pk": 5402}, {"fields": {"nombre": "Papudo", "region": 5}, "model": "clientes.comuna", "pk": 5403}, {"fields": {"nombre": "Petorca", "region": 5}, "model": "clientes.comuna", "pk": 5404}, {"fields": {"nombre": "Zapallar", "region": 5}, "model": "clientes.comuna", "pk": 5405}, {"fields": {"nombre": "Quillota", "region": 5}, "model": "clientes.comuna", "pk": 5501}, {"fields": {"nombre": "Calera", "region": 5}, "model": "clientes.comuna", "pk": 5502}, {"fields": {"nombre": "Hijuelas", "region": 5}, "model": "clientes.comuna", "pk": 5503}, {"fields": {"nombre": "La Cruz", "region": 5}, "model": "clientes.comuna", "pk": 5504}, {"fields": {"nombre": "Nogales", "region": 5}, "model": "clientes.comuna", "pk": 5506}, {"fields": {"nombre": "San Antonio", "region": 5}, "model": "clientes.comuna", "pk": 5601}, {"fields": {"nombre": "Algarrobo", "region": 5}, "model": "clientes.comuna", "pk": 5602}, {"fields": {"nombre": "Cartagena", "region": 5}, "model": "clientes.comuna", "pk": 5603}, {"fields": {"nombre": "El Quisco", "region": 5}, "model": "clientes.comuna", "pk": 5604}, {"fields": {"nombre": "El Tabo", "region": 5}, "model": "clientes.comuna", "pk": 5605}, {"fields": {"nombre": "Santo Domingo", "region": 5}, "model": "clientes.comuna", "pk": 5606}, {"fields": {"nombre": "San Felipe", "region": 5}, "model": "clientes.comuna", "pk": 5701}, {"fields": {"nombre": "Catemu", "region": 5}, "model": "clientes.comuna", "pk": 5702}, {"fields": {"nombre": "Llaillay", "region": 5}, "model": "clientes.comuna", "pk": 5703}, {"fields": {"nombre": "Panquehue", "region": 5}, "model": "clientes.comuna", "pk": 5704}, {"fields": {"nombre": "Putaendo", "region": 5}, "model": "clientes.comuna", "pk": 5705}, {"fields": {"nombre": "Santa Mar\u00eda", "region": 5}, "model": "clientes.comuna", "pk": 5706}, {"fields": {"nombre": "Quilpu\u00e9 ", "region": 5}, "model": "clientes.comuna", "pk": 5801}, {"fields": {"nombre": "Limache", "region": 5}, "model": "clientes.comuna", "pk": 5802}, {"fields": {"nombre": "Olmu\u00e9", "region": 5}, "model": "clientes.comuna", "pk": 5803}, {"fields": {"nombre": "Villa Alemana", "region": 5}, "model": "clientes.comuna", "pk": 5804}, {"fields": {"nombre": "Rancagua", "region": 6}, "model": "clientes.comuna", "pk": 6101}, {"fields": {"nombre": "Codegua", "region": 6}, "model": "clientes.comuna", "pk": 6102}, {"fields": {"nombre": "Coinco", "region": 6}, "model": "clientes.comuna", "pk": 6103}, {"fields": {"nombre": "Coltauco", "region": 6}, "model": "clientes.comuna", "pk": 6104}, {"fields": {"nombre": "Do\u00f1ihue", "region": 6}, "model": "clientes.comuna", "pk": 6105}, {"fields": {"nombre": "Graneros", "region": 6}, "model": "clientes.comuna", "pk": 6106}, {"fields": {"nombre": "Las Cabras", "region": 6}, "model": "clientes.comuna", "pk": 6107}, {"fields": {"nombre": "Machal\u00ed", "region": 6}, "model": "clientes.comuna", "pk": 6108}, {"fields": {"nombre": "Malloa", "region": 6}, "model": "clientes.comuna", "pk": 6109}, {"fields": {"nombre": "Mostazal", "region": 6}, "model": "clientes.comuna", "pk": 6110}, {"fields": {"nombre": "Olivar", "region": 6}, "model": "clientes.comuna", "pk": 6111}, {"fields": {"nombre": "Peumo", "region": 6}, "model": "clientes.comuna", "pk": 6112}, {"fields": {"nombre": "Pichidegua", "region": 6}, "model": "clientes.comuna", "pk": 6113}, {"fields": {"nombre": "Quinta de Tilcoco", "region": 6}, "model": "clientes.comuna", "pk": 6114}, {"fields": {"nombre": "Rengo", "region": 6}, "model": "clientes.comuna", "pk": 6115}, {"fields": {"nombre": "Requ\u00ednoa", "region": 6}, "model": "clientes.comuna", "pk": 6116}, {"fields": {"nombre": "San Vicente", "region": 6}, "model": "clientes.comuna", "pk": 6117}, {"fields": {"nombre": "Pichilemu", "region": 6}, "model": "clientes.comuna", "pk": 6201}, {"fields": {"nombre": "La Estrella", "region": 6}, "model": "clientes.comuna", "pk": 6202}, {"fields": {"nombre": "Litueche", "region": 6}, "model": "clientes.comuna", "pk": 6203}, {"fields": {"nombre": "Marchihue", "region": 6}, "model": "clientes.comuna", "pk": 6204}, {"fields": {"nombre": "Navidad", "region": 6}, "model": "clientes.comuna", "pk": 6205}, {"fields": {"nombre": "Paredones", "region": 6}, "model": "clientes.comuna", "pk": 6206}, {"fields": {"nombre": "San Fernando", "region": 6}, "model": "clientes.comuna", "pk": 6301}, {"fields": {"nombre": "Ch\u00e9pica", "region": 6}, "model": "clientes.comuna", "pk": 6302}, {"fields": {"nombre": "Chimbarongo", "region": 6}, "model": "clientes.comuna", "pk": 6303}, {"fields": {"nombre": "Lolol", "region": 6}, "model": "clientes.comuna", "pk": 6304}, {"fields": {"nombre": "Nancagua", "region": 6}, "model": "clientes.comuna", "pk": 6305}, {"fields": {"nombre": "Palmilla", "region": 6}, "model": "clientes.comuna", "pk": 6306}, {"fields": {"nombre": "Peralillo", "region": 6}, "model": "clientes.comuna", "pk": 6307}, {"fields": {"nombre": "Placilla", "region": 6}, "model": "clientes.comuna", "pk": 6308}, {"fields": {"nombre": "Pumanque", "region": 6}, "model": "clientes.comuna", "pk": 6309}, {"fields": {"nombre": "Santa Cruz", "region": 6}, "model": "clientes.comuna", "pk": 6310}, {"fields": {"nombre": "Talca", "region": 7}, "model": "clientes.comuna", "pk": 7101}, {"fields": {"nombre": "Constituci\u00f3n", "region": 7}, "model": "clientes.comuna", "pk": 7102}, {"fields": {"nombre": "Curepto", "region": 7}, "model": "clientes.comuna", "pk": 7103}, {"fields": {"nombre": "Empedrado", "region": 7}, "model": "clientes.comuna", "pk": 7104}, {"fields": {"nombre": "Maule", "region": 7}, "model": "clientes.comuna", "pk": 7105}, {"fields": {"nombre": "Pelarco", "region": 7}, "model": "clientes.comuna", "pk": 7106}, {"fields": {"nombre": "Pencahue", "region": 7}, "model": "clientes.comuna", "pk": 7107}, {"fields": {"nombre": "R\u00edo Claro", "region": 7}, "model": "clientes.comuna", "pk": 7108}, {"fields": {"nombre": "San Clemente", "region": 7}, "model": "clientes.comuna", "pk": 7109}, {"fields": {"nombre": "San Rafael", "region": 7}, "model": "clientes.comuna", "pk": 7110}, {"fields": {"nombre": "Cauquenes", "region": 7}, "model": "clientes.comuna", "pk": 7201}, {"fields": {"nombre": "Chanco", "region": 7}, "model": "clientes.comuna", "pk": 7202}, {"fields": {"nombre": "Pelluhue", "region": 7}, "model": "clientes.comuna", "pk": 7203}, {"fields": {"nombre": "Curic\u00f3", "region": 7}, "model": "clientes.comuna", "pk": 7301}, {"fields": {"nombre": "Huala\u00f1\u00e9", "region": 7}, "model": "clientes.comuna", "pk": 7302}, {"fields": {"nombre": "Licant\u00e9n", "region": 7}, "model": "clientes.comuna", "pk": 7303}, {"fields": {"nombre": "Molina", "region": 7}, "model": "clientes.comuna", "pk": 7304}, {"fields": {"nombre": "Rauco", "region": 7}, "model": "clientes.comuna", "pk": 7305}, {"fields": {"nombre": "Romeral", "region": 7}, "model": "clientes.comuna", "pk": 7306}, {"fields": {"nombre": "Sagrada Familia", "region": 7}, "model": "clientes.comuna", "pk": 7307}, {"fields": {"nombre": "Teno", "region": 7}, "model": "clientes.comuna", "pk": 7308}, {"fields": {"nombre": "Vichuqu\u00e9n", "region": 7}, "model": "clientes.comuna", "pk": 7309}, {"fields": {"nombre": "Linares", "region": 7}, "model": "clientes.comuna", "pk": 7401}, {"fields": {"nombre": "Colb\u00fan", "region": 7}, "model": "clientes.comuna", "pk": 7402}, {"fields": {"nombre": "Longav\u00ed", "region": 7}, "model": "clientes.comuna", "pk": 7403}, {"fields": {"nombre": "Parral", "region": 7}, "model": "clientes.comuna", "pk": 7404}, {"fields": {"nombre": "Retiro", "region": 7}, "model": "clientes.comuna", "pk": 7405}, {"fields": {"nombre": "San Javier", "region": 7}, "model": "clientes.comuna", "pk": 7406}, {"fields": {"nombre": "Villa Alegre", "region": 7}, "model": "clientes.comuna", "pk": 7407}, {"fields": {"nombre": "Yerbas Buenas", "region": 7}, "model": "clientes.comuna", "pk": 7408}, {"fields": {"nombre": "Concepci\u00f3n", "region": 8}, "model": "clientes.comuna", "pk": 8101}, {"fields": {"nombre": "Coronel", "region": 8}, "model": "clientes.comuna", "pk": 8102}, {"fields": {"nombre": "Chiguayante", "region": 8}, "model": "clientes.comuna", "pk": 8103}, {"fields": {"nombre": "Florida", "region": 8}, "model": "clientes.comuna", "pk": 8104}, {"fields": {"nombre": "Hualqui", "region": 8}, "model": "clientes.comuna", "pk": 8105}, {"fields": {"nombre": "Lota", "region": 8}, "model": "clientes.comuna", "pk": 8106}, {"fields": {"nombre": "Penco", "region": 8}, "model": "clientes.comuna", "pk": 8107}, {"fields": {"nombre": "San Pedro de la Paz", "region": 8}, "model": "clientes.comuna", "pk": 8108}, {"fields": {"nombre": "Santa Juana", "region": 8}, "model": "clientes.comuna", "pk": 8109}, {"fields": {"nombre": "Talcahuano", "region": 8}, "model": "clientes.comuna", "pk": 8110}, {"fields": {"nombre": "Tom\u00e9", "region": 8}, "model": "clientes.comuna", "pk": 8111}, {"fields": {"nombre": "Hualp\u00e9n", "region": 8}, "model": "clientes.comuna", "pk": 8112}, {"fields": {"nombre": "Lebu", "region": 8}, "model": "clientes.comuna", "pk": 8201}, {"fields": {"nombre": "Arauco", "region": 8}, "model": "clientes.comuna", "pk": 8202}, {"fields": {"nombre": "Ca\u00f1ete", "region": 8}, "model": "clientes.comuna", "pk": 8203}, {"fields": {"nombre": "Contulmo", "region": 8}, "model": "clientes.comuna", "pk": 8204}, {"fields": {"nombre": "Curanilahue", "region": 8}, "model": "clientes.comuna", "pk": 8205}, {"fields": {"nombre": "Los \u00c1lamos", "region": 8}, "model": "clientes.comuna", "pk": 8206}, {"fields": {"nombre": "Tir\u00faa", "region": 8}, "model": "clientes.comuna", "pk": 8207}, {"fields": {"nombre": "Los \u00c1ngeles", "region": 8}, "model": "clientes.comuna", "pk": 8301}, {"fields": {"nombre": "Antuco", "region": 8}, "model": "clientes.comuna", "pk": 8302}, {"fields": {"nombre": "Cabrero", "region": 8}, "model": "clientes.comuna", "pk": 8303}, {"fields": {"nombre": "Laja", "region": 8}, "model": "clientes.comuna", "pk": 8304}, {"fields": {"nombre": "Mulch\u00e9n", "region": 8}, "model": "clientes.comuna", "pk": 8305}, {"fields": {"nombre": "Nacimiento", "region": 8}, "model": "clientes.comuna", "pk": 8306}, {"fields": {"nombre": "Negrete", "region": 8}, "model": "clientes.comuna", "pk": 8307}, {"fields": {"nombre": "Quilaco", "region": 8}, "model": "clientes.comuna", "pk": 8308}, {"fields": {"nombre": "Quilleco", "region": 8}, "model": "clientes.comuna", "pk": 8309}, {"fields": {"nombre": "San Rosendo", "region": 8}, "model": "clientes.comuna", "pk": 8310}, {"fields": {"nombre": "Santa B\u00e1rbara", "region": 8}, "model": "clientes.comuna", "pk": 8311}, {"fields": {"nombre": "Tucapel", "region": 8}, "model": "clientes.comuna", "pk": 8312}, {"fields": {"nombre": "Yumbel", "region": 8}, "model": "clientes.comuna", "pk": 8313}, {"fields": {"nombre": "Alto Biob\u00edo", "region": 8}, "model": "clientes.comuna", "pk": 8314}, {"fields": {"nombre": "Chill\u00e1n", "region": 8}, "model": "clientes.comuna", "pk": 8401}, {"fields": {"nombre": "Bulnes", "region": 8}, "model": "clientes.comuna", "pk": 8402}, {"fields": {"nombre": "Cobquecura", "region": 8}, "model": "clientes.comuna", "pk": 8403}, {"fields": {"nombre": "Coelemu", "region": 8}, "model": "clientes.comuna", "pk": 8404}, {"fields": {"nombre": "Coihueco", "region": 8}, "model": "clientes.comuna", "pk": 8405}, {"fields": {"nombre": "Chill\u00e1n Viejo", "region": 8}, "model": "clientes.comuna", "pk": 8406}, {"fields": {"nombre": "El Carmen", "region": 8}, "model": "clientes.comuna", "pk": 8407}, {"fields": {"nombre": "Ninhue", "region": 8}, "model": "clientes.comuna", "pk": 8408}, {"fields": {"nombre": "\u00d1iqu\u00e9n", "region": 8}, "model": "clientes.comuna", "pk": 8409}, {"fields": {"nombre": "Pemuco", "region": 8}, "model": "clientes.comuna", "pk": 8410}, {"fields": {"nombre": "PINTO", "region": 8}, "model": "clientes.comuna", "pk": 8411}, {"fields": {"nombre": "Portezuelo", "region": 8}, "model": "clientes.comuna", "pk": 8412}, {"fields": {"nombre": "Quill\u00f3n", "region": 8}, "model": "clientes.comuna", "pk": 8413}, {"fields": {"nombre": "Quirihue", "region": 8}, "model": "clientes.comuna", "pk": 8414}, {"fields": {"nombre": "R\u00e1nquil", "region": 8}, "model": "clientes.comuna", "pk": 8415}, {"fields": {"nombre": "San Carlos", "region": 8}, "model": "clientes.comuna", "pk": 8416}, {"fields": {"nombre": "San Fabi\u00e1n", "region": 8}, "model": "clientes.comuna", "pk": 8417}, {"fields": {"nombre": "San Ignacio", "region": 8}, "model": "clientes.comuna", "pk": 8418}, {"fields": {"nombre": "San Nicol\u00e1s", "region": 8}, "model": "clientes.comuna", "pk": 8419}, {"fields": {"nombre": "Treguaco", "region": 8}, "model": "clientes.comuna", "pk": 8420}, {"fields": {"nombre": "Yungay", "region": 8}, "model": "clientes.comuna", "pk": 8421}, {"fields": {"nombre": "Temuco", "region": 9}, "model": "clientes.comuna", "pk": 9101}, {"fields": {"nombre": "Carahue", "region": 9}, "model": "clientes.comuna", "pk": 9102}, {"fields": {"nombre": "Cunco", "region": 9}, "model": "clientes.comuna", "pk": 9103}, {"fields": {"nombre": "Curarrehue", "region": 9}, "model": "clientes.comuna", "pk": 9104}, {"fields": {"nombre": "Freire", "region": 9}, "model": "clientes.comuna", "pk": 9105}, {"fields": {"nombre": "Galvarino", "region": 9}, "model": "clientes.comuna", "pk": 9106}, {"fields": {"nombre": "Gorbea", "region": 9}, "model": "clientes.comuna", "pk": 9107}, {"fields": {"nombre": "Lautaro", "region": 9}, "model": "clientes.comuna", "pk": 9108}, {"fields": {"nombre": "Loncoche", "region": 9}, "model": "clientes.comuna", "pk": 9109}, {"fields": {"nombre": "Melipeuco", "region": 9}, "model": "clientes.comuna", "pk": 9110}, {"fields": {"nombre": "Nueva Imperial", "region": 9}, "model": "clientes.comuna", "pk": 9111}, {"fields": {"nombre": "Padre las Casas", "region": 9}, "model": "clientes.comuna", "pk": 9112}, {"fields": {"nombre": "Perquenco", "region": 9}, "model": "clientes.comuna", "pk": 9113}, {"fields": {"nombre": "Pitrufqu\u00e9n", "region": 9}, "model": "clientes.comuna", "pk": 9114}, {"fields": {"nombre": "Puc\u00f3n", "region": 9}, "model": "clientes.comuna", "pk": 9115}, {"fields": {"nombre": "Saavedra", "region": 9}, "model": "clientes.comuna", "pk": 9116}, {"fields": {"nombre": "Teodoro Schmidt", "region": 9}, "model": "clientes.comuna", "pk": 9117}, {"fields": {"nombre": "Tolt\u00e9n", "region": 9}, "model": "clientes.comuna", "pk": 9118}, {"fields": {"nombre": "Vilc\u00fan", "region": 9}, "model": "clientes.comuna", "pk": 9119}, {"fields": {"nombre": "Villarrica", "region": 9}, "model": "clientes.comuna", "pk": 9120}, {"fields": {"nombre": "Cholchol", "region": 9}, "model": "clientes.comuna", "pk": 9121}, {"fields": {"nombre": "Angol", "region": 9}, "model": "clientes.comuna", "pk": 9201}, {"fields": {"nombre": "Collipulli", "region": 9}, "model": "clientes.comuna", "pk": 9202}, {"fields": {"nombre": "Curacaut\u00edn", "region": 9}, "model": "clientes.comuna", "pk": 9203}, {"fields": {"nombre": "Ercilla", "region": 9}, "model": "clientes.comuna", "pk": 9204}, {"fields": {"tipo": "Fijo"}, "model": "clientes.tipodescuento", "pk": 1}, {"fields": {"tipo": "Porcentaje"}, "model": "clientes.tipodescuento", "pk": 2}, {"fields": {"producto": 1, "monto_descuento": 5, "tipo_descuento": 2}, "model": "clientes.descuentocliente", "pk": 1}, {"fields": {"producto": 2, "monto_descuento": 5, "tipo_descuento": 2}, "model": "clientes.descuentocliente", "pk": 2}, {"fields": {"producto": 3, "monto_descuento": 10, "tipo_descuento": 2}, "model": "clientes.descuentocliente", "pk": 3}, {"fields": {"producto": 3, "monto_descuento": 5, "tipo_descuento": 2}, "model": "clientes.descuentocliente", "pk": 4}, {"fields": {"producto": 1, "monto_descuento": 5, "tipo_descuento": 2}, "model": "clientes.descuentocliente", "pk": 5}, {"fields": {"producto": 4, "monto_descuento": 15, "tipo_descuento": 2}, "model": "clientes.descuentocliente", "pk": 6}, {"fields": {"producto": 4, "monto_descuento": 10, "tipo_descuento": 2}, "model": "clientes.descuentocliente", "pk": 7}, {"fields": {"producto": 8, "monto_descuento": 20, "tipo_descuento": 2}, "model": "clientes.descuentocliente", "pk": 8}, {"fields": {"producto": 9, "monto_descuento": 20, "tipo_descuento": 2}, "model": "clientes.descuentocliente", "pk": 9}, {"fields": {"producto": 8, "monto_descuento": 20, "tipo_descuento": 2}, "model": "clientes.descuentocliente", "pk": 10}, {"fields": {"producto": 9, "monto_descuento": 15, "tipo_descuento": 2}, "model": "clientes.descuentocliente", "pk": 11}, {"fields": {"producto": 9, "monto_descuento": 8, "tipo_descuento": 2}, "model": "clientes.descuentocliente", "pk": 12}, {"fields": {"producto": 10, "monto_descuento": 5, "tipo_descuento": 2}, "model": "clientes.descuentocliente", "pk": 13}, {"fields": {"producto": 5, "monto_descuento": 5, "tipo_descuento": 2}, "model": "clientes.descuentocliente", "pk": 14}, {"fields": {"producto": 6, "monto_descuento": 10, "tipo_descuento": 2}, "model": "clientes.descuentocliente", "pk": 15}, {"fields": {"producto": 1, "monto_descuento": 5000, "tipo_descuento": 1}, "model": "clientes.descuentocliente", "pk": 16}, {"fields": {"producto": 2, "monto_descuento": 10000, "tipo_descuento": 1}, "model": "clientes.descuentocliente", "pk": 17}, {"fields": {"producto": 3, "monto_descuento": 5000, "tipo_descuento": 1}, "model": "clientes.descuentocliente", "pk": 18}, {"fields": {"producto": 3, "monto_descuento": 5000, "tipo_descuento": 1}, "model": "clientes.descuentocliente", "pk": 19}, {"fields": {"producto": 4, "monto_descuento": 10000, "tipo_descuento": 1}, "model": "clientes.descuentocliente", "pk": 20}, {"fields": {"producto": 7, "monto_descuento": 5000, "tipo_descuento": 1}, "model": "clientes.descuentocliente", "pk": 21}, {"fields": {"producto": 8, "monto_descuento": 5000, "tipo_descuento": 1}, "model": "clientes.descuentocliente", "pk": 22}, {"fields": {"producto": 9, "monto_descuento": 5000, "tipo_descuento": 1}, "model": "clientes.descuentocliente", "pk": 23}, {"fields": {"producto": 10, "monto_descuento": 5000, "tipo_descuento": 1}, "model": "clientes.descuentocliente", "pk": 24}, {"fields": {"producto": 5, "monto_descuento": 3000, "tipo_descuento": 1}, "model": "clientes.descuentocliente", "pk": 25}, {"fields": {"producto": 6, "monto_descuento": 5000, "tipo_descuento": 1}, "model": "clientes.descuentocliente", "pk": 26}, {"fields": {"situacion_comercial": 16, "es_lipigas": null, "credito": true, "direccion": "Luisin n\u00ba638", "dispensador": false, "giro": "5000", "observacion": "", "nombre": "Jose Luis Quintas Villalobos", "telefono": "123127", "es_propio": null, "rut": "19728253-3"}, "model": "clientes.cliente", "pk": 1}, {"fields": {"situacion_comercial": 19, "es_lipigas": null, "credito": false, "direccion": "Hellsinski n\u00ba6", "dispensador": true, "giro": "10000", "observacion": "", "nombre": "Kayle S. Broadhurst", "telefono": "831245", "es_propio": null, "rut": "15659551-9"}, "model": "clientes.cliente", "pk": 2}, {"fields": {"situacion_comercial": 19, "es_lipigas": null, "credito": false, "direccion": "Alvarez  #1255, Frankfurt", "dispensador": true, "giro": "5000", "observacion": "", "nombre": "Jonny Bravo", "telefono": "256895", "es_propio": null, "rut": "11470284-6"}, "model": "clientes.cliente", "pk": 3}, {"fields": {"situacion_comercial": 17, "es_lipigas": null, "credito": true, "direccion": "1694 Nootka Street", "dispensador": true, "giro": "2000", "observacion": "", "nombre": "Gary Oak", "telefono": "95617739", "es_propio": null, "rut": "22416169-7"}, "model": "clientes.cliente", "pk": 4}, {"fields": {"situacion_comercial": 13, "es_lipigas": null, "credito": false, "direccion": "Avenida Lavanda 123", "dispensador": true, "giro": "5000", "observacion": "mi mama dice que soy muy observador :3", "nombre": "Charles Lee Ray", "telefono": "154289", "es_propio": null, "rut": "18642092-6"}, "model": "clientes.cliente", "pk": 5}, {"fields": {"situacion_comercial": 23, "es_lipigas": null, "credito": false, "direccion": "Demacia #5623, Runaterra", "dispensador": false, "giro": "5000", "observacion": "", "nombre": "Kaelthas Sunstrider", "telefono": "784512", "es_propio": null, "rut": "18800756-2"}, "model": "clientes.cliente", "pk": 6}, {"fields": {"situacion_comercial": 18, "es_lipigas": null, "credito": true, "direccion": "801 Lockhart Drive", "dispensador": true, "giro": "3000", "observacion": "", "nombre": "Louis Griffin", "telefono": "45612345", "es_propio": null, "rut": "14071075-k"}, "model": "clientes.cliente", "pk": 7}, {"fields": {"situacion_comercial": 25, "es_lipigas": null, "credito": false, "direccion": "3816 Bay Street", "dispensador": true, "giro": "2000", "observacion": "", "nombre": "Ryan J. Murphy", "telefono": "56892314", "es_propio": null, "rut": "19736922-1"}, "model": "clientes.cliente", "pk": 8}, {"fields": {"situacion_comercial": 6, "es_lipigas": null, "credito": false, "direccion": "1970 rue des Champs", "dispensador": false, "giro": "2000", "observacion": "", "nombre": "Richard R. Wright", "telefono": "46585698", "es_propio": null, "rut": "17907532-6"}, "model": "clientes.cliente", "pk": 9}, {"fields": {"situacion_comercial": 6, "es_lipigas": null, "credito": false, "direccion": "4104 James Street", "dispensador": true, "giro": "1500", "observacion": "", "nombre": "Gabriel S. Hunt", "telefono": "4568952368", "es_propio": null, "rut": "19911736-k"}, "model": "clientes.cliente", "pk": 10}, {"fields": {"situacion_comercial": 3, "es_lipigas": null, "credito": false, "direccion": "1418 Toy Avenue", "dispensador": true, "giro": "2000", "observacion": "", "nombre": "Ralph C. Paredes", "telefono": "35681978", "es_propio": null, "rut": "23244670-6"}, "model": "clientes.cliente", "pk": 11}, {"fields": {"situacion_comercial": 10, "es_lipigas": null, "credito": false, "direccion": "limache 1210", "dispensador": false, "giro": "Glaves", "observacion": "soy un normansen de las mercedes", "nombre": "Norman", "telefono": "43589763498", "es_propio": null, "rut": "17118730-3"}, "model": "clientes.cliente", "pk": 12}, {"fields": {"situacion_comercial": 17, "es_lipigas": null, "credito": true, "direccion": "thompson 4267", "dispensador": false, "giro": "RLAY LTDA DE LAS MERCEDES", "observacion": "entero llopo oeoeoeoeo", "nombre": "Sebasti\u00e1n Real", "telefono": "61837672", "es_propio": null, "rut": "16104879-8"}, "model": "clientes.cliente", "pk": 13}, {"fields": {"nombre": "tarjeta cr\u00e9dito"}, "model": "liquidacion.tipotarjeta", "pk": 1}, {"fields": {"nombre": "tarjeta debito"}, "model": "liquidacion.tipotarjeta", "pk": 2}, {"fields": {"nombre": "tarjeta casa comercial"}, "model": "liquidacion.tipotarjeta", "pk": 3}, {"fields": {"nombre": "VISA", "codigo": "vi", "tipo_tarjeta": 1}, "model": "liquidacion.tarjetacredito", "pk": 1}, {"fields": {"nombre": "Mastercard", "codigo": "mc", "tipo_tarjeta": 1}, "model": "liquidacion.tarjetacredito", "pk": 2}, {"fields": {"nombre": "American Express", "codigo": "ae", "tipo_tarjeta": 1}, "model": "liquidacion.tarjetacredito", "pk": 3}, {"fields": {"nombre": "Dinners Club", "codigo": "dc", "tipo_tarjeta": 1}, "model": "liquidacion.tarjetacredito", "pk": 4}, {"fields": {"nombre": "Debito", "codigo": null, "tipo_tarjeta": 2}, "model": "liquidacion.tarjetacredito", "pk": 5}, {"fields": {"nombre": "Falabella", "codigo": null, "tipo_tarjeta": 3}, "model": "liquidacion.tarjetacredito", "pk": 6}, {"fields": {"nombre": "Ripley", "codigo": null, "tipo_tarjeta": 3}, "model": "liquidacion.tarjetacredito", "pk": 7}, {"fields": {"nombre": "Cencosud", "codigo": null, "tipo_tarjeta": 3}, "model": "liquidacion.tarjetacredito", "pk": 8}, {"fields": {"nombre": "La Polar", "codigo": null, "tipo_tarjeta": 3}, "model": "liquidacion.tarjetacredito", "pk": 9}, {"fields": {"nombre": "Tricot", "codigo": null, "tipo_tarjeta": 3}, "model": "liquidacion.tarjetacredito", "pk": 10}, {"fields": {"nombre": "Johnson", "codigo": null, "tipo_tarjeta": 3}, "model": "liquidacion.tarjetacredito", "pk": 11}, {"fields": {"nombre": "Dijon", "codigo": null, "tipo_tarjeta": 3}, "model": "liquidacion.tarjetacredito", "pk": 12}, {"fields": {"nombre": "Hites", "codigo": null, "tipo_tarjeta": 3}, "model": "liquidacion.tarjetacredito", "pk": 13}, {"fields": {"nombre": "Efectivo"}, "model": "liquidacion.tipopago", "pk": 1}, {"fields": {"nombre": "Voucher"}, "model": "liquidacion.tipopago", "pk": 2}, {"fields": {"nombre": "Cup\u00f3n prepago"}, "model": "liquidacion.tipopago", "pk": 3}, {"fields": {"nombre": "Gu\u00eda de despacho"}, "model": "liquidacion.tipopago", "pk": 4}, {"fields": {"codename": "add_logentry", "name": "Can add log entry", "content_type": 1}, "model": "auth.permission", "pk": 1}, {"fields": {"codename": "change_logentry", "name": "Can change log entry", "content_type": 1}, "model": "auth.permission", "pk": 2}, {"fields": {"codename": "delete_logentry", "name": "Can delete log entry", "content_type": 1}, "model": "auth.permission", "pk": 3}, {"fields": {"codename": "add_permission", "name": "Can add permission", "content_type": 2}, "model": "auth.permission", "pk": 4}, {"fields": {"codename": "change_permission", "name": "Can change permission", "content_type": 2}, "model": "auth.permission", "pk": 5}, {"fields": {"codename": "delete_permission", "name": "Can delete permission", "content_type": 2}, "model": "auth.permission", "pk": 6}, {"fields": {"codename": "add_group", "name": "Can add group", "content_type": 3}, "model": "auth.permission", "pk": 7}, {"fields": {"codename": "change_group", "name": "Can change group", "content_type": 3}, "model": "auth.permission", "pk": 8}, {"fields": {"codename": "delete_group", "name": "Can delete group", "content_type": 3}, "model": "auth.permission", "pk": 9}, {"fields": {"codename": "add_user", "name": "Can add user", "content_type": 4}, "model": "auth.permission", "pk": 10}, {"fields": {"codename": "change_user", "name": "Can change user", "content_type": 4}, "model": "auth.permission", "pk": 11}, {"fields": {"codename": "delete_user", "name": "Can delete user", "content_type": 4}, "model": "auth.permission", "pk": 12}, {"fields": {"codename": "add_contenttype", "name": "Can add content type", "content_type": 5}, "model": "auth.permission", "pk": 13}, {"fields": {"codename": "change_contenttype", "name": "Can change content type", "content_type": 5}, "model": "auth.permission", "pk": 14}, {"fields": {"codename": "delete_contenttype", "name": "Can delete content type", "content_type": 5}, "model": "auth.permission", "pk": 15}, {"fields": {"codename": "add_session", "name": "Can add session", "content_type": 6}, "model": "auth.permission", "pk": 16}, {"fields": {"codename": "change_session", "name": "Can change session", "content_type": 6}, "model": "auth.permission", "pk": 17}, {"fields": {"codename": "delete_session", "name": "Can delete session", "content_type": 6}, "model": "auth.permission", "pk": 18}, {"fields": {"codename": "add_afp", "name": "Can add afp", "content_type": 7}, "model": "auth.permission", "pk": 19}, {"fields": {"codename": "change_afp", "name": "Can change afp", "content_type": 7}, "model": "auth.permission", "pk": 20}, {"fields": {"codename": "delete_afp", "name": "Can delete afp", "content_type": 7}, "model": "auth.permission", "pk": 21}, {"fields": {"codename": "add_sistemasalud", "name": "Can add sistema salud", "content_type": 8}, "model": "auth.permission", "pk": 22}, {"fields": {"codename": "change_sistemasalud", "name": "Can change sistema salud", "content_type": 8}, "model": "auth.permission", "pk": 23}, {"fields": {"codename": "delete_sistemasalud", "name": "Can delete sistema salud", "content_type": 8}, "model": "auth.permission", "pk": 24}, {"fields": {"codename": "add_estadocivil", "name": "Can add estado civil", "content_type": 9}, "model": "auth.permission", "pk": 25}, {"fields": {"codename": "change_estadocivil", "name": "Can change estado civil", "content_type": 9}, "model": "auth.permission", "pk": 26}, {"fields": {"codename": "delete_estadocivil", "name": "Can delete estado civil", "content_type": 9}, "model": "auth.permission", "pk": 27}, {"fields": {"codename": "add_estadovacacion", "name": "Can add estado vacacion", "content_type": 10}, "model": "auth.permission", "pk": 28}, {"fields": {"codename": "change_estadovacacion", "name": "Can change estado vacacion", "content_type": 10}, "model": "auth.permission", "pk": 29}, {"fields": {"codename": "delete_estadovacacion", "name": "Can delete estado vacacion", "content_type": 10}, "model": "auth.permission", "pk": 30}, {"fields": {"codename": "add_trabajador", "name": "Can add trabajador", "content_type": 11}, "model": "auth.permission", "pk": 31}, {"fields": {"codename": "change_trabajador", "name": "Can change trabajador", "content_type": 11}, "model": "auth.permission", "pk": 32}, {"fields": {"codename": "delete_trabajador", "name": "Can delete trabajador", "content_type": 11}, "model": "auth.permission", "pk": 33}, {"fields": {"codename": "add_vacacion", "name": "Can add vacacion", "content_type": 12}, "model": "auth.permission", "pk": 34}, {"fields": {"codename": "change_vacacion", "name": "Can change vacacion", "content_type": 12}, "model": "auth.permission", "pk": 35}, {"fields": {"codename": "delete_vacacion", "name": "Can delete vacacion", "content_type": 12}, "model": "auth.permission", "pk": 36}, {"fields": {"codename": "add_cargafamiliar", "name": "Can add carga familiar", "content_type": 13}, "model": "auth.permission", "pk": 37}, {"fields": {"codename": "change_cargafamiliar", "name": "Can change carga familiar", "content_type": 13}, "model": "auth.permission", "pk": 38}, {"fields": {"codename": "delete_cargafamiliar", "name": "Can delete carga familiar", "content_type": 13}, "model": "auth.permission", "pk": 39}, {"fields": {"codename": "add_boletatrabajador", "name": "Can add boleta trabajador", "content_type": 14}, "model": "auth.permission", "pk": 40}, {"fields": {"codename": "change_boletatrabajador", "name": "Can change boleta trabajador", "content_type": 14}, "model": "auth.permission", "pk": 41}, {"fields": {"codename": "delete_boletatrabajador", "name": "Can delete boleta trabajador", "content_type": 14}, "model": "auth.permission", "pk": 42}, {"fields": {"codename": "add_guiatrabajador", "name": "Can add guia trabajador", "content_type": 15}, "model": "auth.permission", "pk": 43}, {"fields": {"codename": "change_guiatrabajador", "name": "Can change guia trabajador", "content_type": 15}, "model": "auth.permission", "pk": 44}, {"fields": {"codename": "delete_guiatrabajador", "name": "Can delete guia trabajador", "content_type": 15}, "model": "auth.permission", "pk": 45}, {"fields": {"codename": "add_tipoproducto", "name": "Can add tipo producto", "content_type": 16}, "model": "auth.permission", "pk": 46}, {"fields": {"codename": "change_tipoproducto", "name": "Can change tipo producto", "content_type": 16}, "model": "auth.permission", "pk": 47}, {"fields": {"codename": "delete_tipoproducto", "name": "Can delete tipo producto", "content_type": 16}, "model": "auth.permission", "pk": 48}, {"fields": {"codename": "add_producto", "name": "Can add producto", "content_type": 17}, "model": "auth.permission", "pk": 49}, {"fields": {"codename": "change_producto", "name": "Can change producto", "content_type": 17}, "model": "auth.permission", "pk": 50}, {"fields": {"codename": "delete_producto", "name": "Can delete producto", "content_type": 17}, "model": "auth.permission", "pk": 51}, {"fields": {"codename": "add_precioproducto", "name": "Can add precio producto", "content_type": 18}, "model": "auth.permission", "pk": 52}, {"fields": {"codename": "change_precioproducto", "name": "Can change precio producto", "content_type": 18}, "model": "auth.permission", "pk": 53}, {"fields": {"codename": "delete_precioproducto", "name": "Can delete precio producto", "content_type": 18}, "model": "auth.permission", "pk": 54}, {"fields": {"codename": "add_factura", "name": "Can add factura", "content_type": 19}, "model": "auth.permission", "pk": 55}, {"fields": {"codename": "change_factura", "name": "Can change factura", "content_type": 19}, "model": "auth.permission", "pk": 56}, {"fields": {"codename": "delete_factura", "name": "Can delete factura", "content_type": 19}, "model": "auth.permission", "pk": 57}, {"fields": {"codename": "add_vehiculo", "name": "Can add vehiculo", "content_type": 20}, "model": "auth.permission", "pk": 58}, {"fields": {"codename": "change_vehiculo", "name": "Can change vehiculo", "content_type": 20}, "model": "auth.permission", "pk": 59}, {"fields": {"codename": "delete_vehiculo", "name": "Can delete vehiculo", "content_type": 20}, "model": "auth.permission", "pk": 60}, {"fields": {"codename": "add_stockvehiculo", "name": "Can add stock vehiculo", "content_type": 21}, "model": "auth.permission", "pk": 61}, {"fields": {"codename": "change_stockvehiculo", "name": "Can change stock vehiculo", "content_type": 21}, "model": "auth.permission", "pk": 62}, {"fields": {"codename": "delete_stockvehiculo", "name": "Can delete stock vehiculo", "content_type": 21}, "model": "auth.permission", "pk": 63}, {"fields": {"codename": "add_trabajadorvehiculo", "name": "Can add trabajador vehiculo", "content_type": 22}, "model": "auth.permission", "pk": 64}, {"fields": {"codename": "change_trabajadorvehiculo", "name": "Can change trabajador vehiculo", "content_type": 22}, "model": "auth.permission", "pk": 65}, {"fields": {"codename": "delete_trabajadorvehiculo", "name": "Can delete trabajador vehiculo", "content_type": 22}, "model": "auth.permission", "pk": 66}, {"fields": {"codename": "add_pagovehiculo", "name": "Can add pago vehiculo", "content_type": 23}, "model": "auth.permission", "pk": 67}, {"fields": {"codename": "change_pagovehiculo", "name": "Can change pago vehiculo", "content_type": 23}, "model": "auth.permission", "pk": 68}, {"fields": {"codename": "delete_pagovehiculo", "name": "Can delete pago vehiculo", "content_type": 23}, "model": "auth.permission", "pk": 69}, {"fields": {"codename": "add_pagocuotavehiculo", "name": "Can add pago cuota vehiculo", "content_type": 24}, "model": "auth.permission", "pk": 70}, {"fields": {"codename": "change_pagocuotavehiculo", "name": "Can change pago cuota vehiculo", "content_type": 24}, "model": "auth.permission", "pk": 71}, {"fields": {"codename": "delete_pagocuotavehiculo", "name": "Can delete pago cuota vehiculo", "content_type": 24}, "model": "auth.permission", "pk": 72}, {"fields": {"codename": "add_movil", "name": "Can add movil", "content_type": 25}, "model": "auth.permission", "pk": 73}, {"fields": {"codename": "change_movil", "name": "Can change movil", "content_type": 25}, "model": "auth.permission", "pk": 74}, {"fields": {"codename": "delete_movil", "name": "Can delete movil", "content_type": 25}, "model": "auth.permission", "pk": 75}, {"fields": {"codename": "add_guiadespacho", "name": "Can add guia despacho", "content_type": 26}, "model": "auth.permission", "pk": 76}, {"fields": {"codename": "change_guiadespacho", "name": "Can change guia despacho", "content_type": 26}, "model": "auth.permission", "pk": 77}, {"fields": {"codename": "delete_guiadespacho", "name": "Can delete guia despacho", "content_type": 26}, "model": "auth.permission", "pk": 78}, {"fields": {"codename": "add_abonoguia", "name": "Can add abono guia", "content_type": 27}, "model": "auth.permission", "pk": 79}, {"fields": {"codename": "change_abonoguia", "name": "Can change abono guia", "content_type": 27}, "model": "auth.permission", "pk": 80}, {"fields": {"codename": "delete_abonoguia", "name": "Can delete abono guia", "content_type": 27}, "model": "auth.permission", "pk": 81}, {"fields": {"codename": "add_historialstock", "name": "Can add historial stock", "content_type": 28}, "model": "auth.permission", "pk": 82}, {"fields": {"codename": "change_historialstock", "name": "Can change historial stock", "content_type": 28}, "model": "auth.permission", "pk": 83}, {"fields": {"codename": "delete_historialstock", "name": "Can delete historial stock", "content_type": 28}, "model": "auth.permission", "pk": 84}, {"fields": {"codename": "add_region", "name": "Can add region", "content_type": 29}, "model": "auth.permission", "pk": 85}, {"fields": {"codename": "change_region", "name": "Can change region", "content_type": 29}, "model": "auth.permission", "pk": 86}, {"fields": {"codename": "delete_region", "name": "Can delete region", "content_type": 29}, "model": "auth.permission", "pk": 87}, {"fields": {"codename": "add_comuna", "name": "Can add comuna", "content_type": 30}, "model": "auth.permission", "pk": 88}, {"fields": {"codename": "change_comuna", "name": "Can change comuna", "content_type": 30}, "model": "auth.permission", "pk": 89}, {"fields": {"codename": "delete_comuna", "name": "Can delete comuna", "content_type": 30}, "model": "auth.permission", "pk": 90}, {"fields": {"codename": "add_tipodescuento", "name": "Can add tipo descuento", "content_type": 31}, "model": "auth.permission", "pk": 91}, {"fields": {"codename": "change_tipodescuento", "name": "Can change tipo descuento", "content_type": 31}, "model": "auth.permission", "pk": 92}, {"fields": {"codename": "delete_tipodescuento", "name": "Can delete tipo descuento", "content_type": 31}, "model": "auth.permission", "pk": 93}, {"fields": {"codename": "add_descuentocliente", "name": "Can add descuento cliente", "content_type": 32}, "model": "auth.permission", "pk": 94}, {"fields": {"codename": "change_descuentocliente", "name": "Can change descuento cliente", "content_type": 32}, "model": "auth.permission", "pk": 95}, {"fields": {"codename": "delete_descuentocliente", "name": "Can delete descuento cliente", "content_type": 32}, "model": "auth.permission", "pk": 96}, {"fields": {"codename": "add_cliente", "name": "Can add cliente", "content_type": 33}, "model": "auth.permission", "pk": 97}, {"fields": {"codename": "change_cliente", "name": "Can change cliente", "content_type": 33}, "model": "auth.permission", "pk": 98}, {"fields": {"codename": "delete_cliente", "name": "Can delete cliente", "content_type": 33}, "model": "auth.permission", "pk": 99}, {"fields": {"codename": "add_estadoterminal", "name": "Can add estado terminal", "content_type": 34}, "model": "auth.permission", "pk": 100}, {"fields": {"codename": "change_estadoterminal", "name": "Can change estado terminal", "content_type": 34}, "model": "auth.permission", "pk": 101}, {"fields": {"codename": "delete_estadoterminal", "name": "Can delete estado terminal", "content_type": 34}, "model": "auth.permission", "pk": 102}, {"fields": {"codename": "add_terminal", "name": "Can add terminal", "content_type": 35}, "model": "auth.permission", "pk": 103}, {"fields": {"codename": "change_terminal", "name": "Can change terminal", "content_type": 35}, "model": "auth.permission", "pk": 104}, {"fields": {"codename": "delete_terminal", "name": "Can delete terminal", "content_type": 35}, "model": "auth.permission", "pk": 105}, {"fields": {"codename": "add_historialestadoterminal", "name": "Can add historial estado terminal", "content_type": 36}, "model": "auth.permission", "pk": 106}, {"fields": {"codename": "change_historialestadoterminal", "name": "Can change historial estado terminal", "content_type": 36}, "model": "auth.permission", "pk": 107}, {"fields": {"codename": "delete_historialestadoterminal", "name": "Can delete historial estado terminal", "content_type": 36}, "model": "auth.permission", "pk": 108}, {"fields": {"codename": "add_tipotarjeta", "name": "Can add tipo tarjeta", "content_type": 37}, "model": "auth.permission", "pk": 109}, {"fields": {"codename": "change_tipotarjeta", "name": "Can change tipo tarjeta", "content_type": 37}, "model": "auth.permission", "pk": 110}, {"fields": {"codename": "delete_tipotarjeta", "name": "Can delete tipo tarjeta", "content_type": 37}, "model": "auth.permission", "pk": 111}, {"fields": {"codename": "add_banco", "name": "Can add banco", "content_type": 38}, "model": "auth.permission", "pk": 112}, {"fields": {"codename": "change_banco", "name": "Can change banco", "content_type": 38}, "model": "auth.permission", "pk": 113}, {"fields": {"codename": "delete_banco", "name": "Can delete banco", "content_type": 38}, "model": "auth.permission", "pk": 114}, {"fields": {"codename": "add_tarjetacredito", "name": "Can add tarjeta credito", "content_type": 39}, "model": "auth.permission", "pk": 115}, {"fields": {"codename": "change_tarjetacredito", "name": "Can change tarjeta credito", "content_type": 39}, "model": "auth.permission", "pk": 116}, {"fields": {"codename": "delete_tarjetacredito", "name": "Can delete tarjeta credito", "content_type": 39}, "model": "auth.permission", "pk": 117}, {"fields": {"codename": "add_tipopago", "name": "Can add tipo pago", "content_type": 40}, "model": "auth.permission", "pk": 118}, {"fields": {"codename": "change_tipopago", "name": "Can change tipo pago", "content_type": 40}, "model": "auth.permission", "pk": 119}, {"fields": {"codename": "delete_tipopago", "name": "Can delete tipo pago", "content_type": 40}, "model": "auth.permission", "pk": 120}, {"fields": {"codename": "add_liquidacion", "name": "Can add liquidacion", "content_type": 41}, "model": "auth.permission", "pk": 121}, {"fields": {"codename": "change_liquidacion", "name": "Can change liquidacion", "content_type": 41}, "model": "auth.permission", "pk": 122}, {"fields": {"codename": "delete_liquidacion", "name": "Can delete liquidacion", "content_type": 41}, "model": "auth.permission", "pk": 123}, {"fields": {"codename": "add_guiaventa", "name": "Can add guia venta", "content_type": 42}, "model": "auth.permission", "pk": 124}, {"fields": {"codename": "change_guiaventa", "name": "Can change guia venta", "content_type": 42}, "model": "auth.permission", "pk": 125}, {"fields": {"codename": "delete_guiaventa", "name": "Can delete guia venta", "content_type": 42}, "model": "auth.permission", "pk": 126}, {"fields": {"codename": "add_detalleguiaventa", "name": "Can add detalle guia venta", "content_type": 43}, "model": "auth.permission", "pk": 127}, {"fields": {"codename": "change_detalleguiaventa", "name": "Can change detalle guia venta", "content_type": 43}, "model": "auth.permission", "pk": 128}, {"fields": {"codename": "delete_detalleguiaventa", "name": "Can delete detalle guia venta", "content_type": 43}, "model": "auth.permission", "pk": 129}, {"fields": {"codename": "add_cheque", "name": "Can add cheque", "content_type": 44}, "model": "auth.permission", "pk": 130}, {"fields": {"codename": "change_cheque", "name": "Can change cheque", "content_type": 44}, "model": "auth.permission", "pk": 131}, {"fields": {"codename": "delete_cheque", "name": "Can delete cheque", "content_type": 44}, "model": "auth.permission", "pk": 132}, {"fields": {"codename": "add_otros", "name": "Can add otros", "content_type": 45}, "model": "auth.permission", "pk": 133}, {"fields": {"codename": "change_otros", "name": "Can change otros", "content_type": 45}, "model": "auth.permission", "pk": 134}, {"fields": {"codename": "delete_otros", "name": "Can delete otros", "content_type": 45}, "model": "auth.permission", "pk": 135}, {"fields": {"codename": "add_cuponprepago", "name": "Can add cupon prepago", "content_type": 46}, "model": "auth.permission", "pk": 136}, {"fields": {"codename": "change_cuponprepago", "name": "Can change cupon prepago", "content_type": 46}, "model": "auth.permission", "pk": 137}, {"fields": {"codename": "delete_cuponprepago", "name": "Can delete cupon prepago", "content_type": 46}, "model": "auth.permission", "pk": 138}, {"fields": {"codename": "add_transbankvoucher", "name": "Can add transbank voucher", "content_type": 47}, "model": "auth.permission", "pk": 139}, {"fields": {"codename": "change_transbankvoucher", "name": "Can change transbank voucher", "content_type": 47}, "model": "auth.permission", "pk": 140}, {"fields": {"codename": "delete_transbankvoucher", "name": "Can delete transbank voucher", "content_type": 47}, "model": "auth.permission", "pk": 141}, {"fields": {"codename": "add_lipigasvoucher", "name": "Can add lipigas voucher", "content_type": 48}, "model": "auth.permission", "pk": 142}, {"fields": {"codename": "change_lipigasvoucher", "name": "Can change lipigas voucher", "content_type": 48}, "model": "auth.permission", "pk": 143}, {"fields": {"codename": "delete_lipigasvoucher", "name": "Can delete lipigas voucher", "content_type": 48}, "model": "auth.permission", "pk": 144}, {"fields": {"codename": "add_cuotavoucher", "name": "Can add cuota voucher", "content_type": 49}, "model": "auth.permission", "pk": 145}, {"fields": {"codename": "change_cuotavoucher", "name": "Can change cuota voucher", "content_type": 49}, "model": "auth.permission", "pk": 146}, {"fields": {"codename": "delete_cuotavoucher", "name": "Can delete cuota voucher", "content_type": 49}, "model": "auth.permission", "pk": 147}, {"fields": {"codename": "add_cierre", "name": "Can add cierre", "content_type": 50}, "model": "auth.permission", "pk": 148}, {"fields": {"codename": "change_cierre", "name": "Can change cierre", "content_type": 50}, "model": "auth.permission", "pk": 149}, {"fields": {"codename": "delete_cierre", "name": "Can delete cierre", "content_type": 50}, "model": "auth.permission", "pk": 150}, {"fields": {"codename": "add_detallecierre", "name": "Can add detalle cierre", "content_type": 51}, "model": "auth.permission", "pk": 151}, {"fields": {"codename": "change_detallecierre", "name": "Can change detalle cierre", "content_type": 51}, "model": "auth.permission", "pk": 152}, {"fields": {"codename": "delete_detallecierre", "name": "Can delete detalle cierre", "content_type": 51}, "model": "auth.permission", "pk": 153}, {"fields": {"codename": "add_historialcambiovehiculo", "name": "Can add historial cambio vehiculo", "content_type": 52}, "model": "auth.permission", "pk": 154}, {"fields": {"codename": "change_historialcambiovehiculo", "name": "Can change historial cambio vehiculo", "content_type": 52}, "model": "auth.permission", "pk": 155}, {"fields": {"codename": "delete_historialcambiovehiculo", "name": "Can delete historial cambio vehiculo", "content_type": 52}, "model": "auth.permission", "pk": 156}, {"fields": {"codename": "add_tipotrabajador", "name": "Can add tipo trabajador", "content_type": 53}, "model": "auth.permission", "pk": 157}, {"fields": {"codename": "change_tipotrabajador", "name": "Can change tipo trabajador", "content_type": 53}, "model": "auth.permission", "pk": 158}, {"fields": {"codename": "delete_tipotrabajador", "name": "Can delete tipo trabajador", "content_type": 53}, "model": "auth.permission", "pk": 159}, {"fields": {"username": "jean", "first_name": "", "last_name": "", "is_active": true, "is_superuser": true, "is_staff": true, "last_login": "2015-01-24T03:40:06.256", "groups": [], "user_permissions": [], "password": "pbkdf2_sha256$12000$DsQpqSIF88XK$kFzOb6BtM0UkoN8LU2LWUp4+k9wBL9X6CRg2SD3mhXY=", "email": "jpierre22391@hotmail.com", "date_joined": "2015-01-21T23:37:14.757"}, "model": "auth.user", "pk": 1}, {"fields": {"username": "rlay", "first_name": "", "last_name": "", "is_active": true, "is_superuser": true, "is_staff": true, "last_login": "2015-01-31T12:07:25.178", "groups": [], "user_permissions": [], "password": "pbkdf2_sha256$12000$ZG7waK5B3NfO$axe7QtdDvt8h3zejNO2uSZcARCMVfN7op5PZWxOCR7Y=", "email": "rlay@mailinator.com", "date_joined": "2015-01-24T11:30:14.908"}, "model": "auth.user", "pk": 2}]